Year,cd,Less_than_$5000,$5000_to_$9999,$10000_to_$14999,$15000_to_$19999,$20000_to_$24999,$25000_to_$34999,$35000_to_$49999,$50000_to_$74999,$75000_to_$99999,$100000_to_$149999,$150000_or_more
2019,0_AK,5746,4600,7294,8276,8110,17476,26315,44593,35414,49254,46182
2019,0_DC,14138,10318,12304,9470,7695,16841,21906,34694,30240,46707,80073
2019,0_DE,11281,7942,12874,12469,14976,31208,43421,64673,52472,60199,52984
2019,0_ND,9110,9039,12923,13021,12824,27603,38832,57179,45844,54543,38625
2019,0_PR,181287,141265,140140,122766,94982,145595,141659,119535,49486,33679,21805
2019,0_SD,8835,9371,15086,14366,15753,34395,45778,65179,49390,48801,30079
2019,0_VT,6278,6272,13033,11483,12240,23658,31766,48496,36349,41511,28878
2019,0_WY,4973,5480,8202,8820,8864,18664,25998,38091,31574,36095,22439
2019,1_AL,10288,10027,13333,15538,12560,26102,33533,44787,28820,30408,21393
2019,1_AR,14369,18263,26740,26214,25205,46718,55340,66608,41633,36246,19061
2019,1_AZ,11617,7305,11413,13279,16138,28985,45901,61162,46604,58746,75572
2019,1_CA,9109,7003,16214,14296,14676,26347,34846,45904,31044,33904,25060
2019,1_CO,8003,7104,7927,7975,7932,17127,25507,39331,28268,36636,42399
2019,1_CT,8285,8050,11453,10634,10092,20370,30045,42744,36551,48020,46659
2019,1_FL,7713,7400,11082,12501,14773,29654,42490,56390,39845,41929,28014
2019,1_GA,10060,9980,13415,14756,15731,28291,38883,51184,35939,37198,25315
2019,1_HI,6632,5754,6492,6491,7126,15490,25223,42265,36345,52001,56706
2019,1_IA,9943,10551,14798,16386,16171,32624,46851,64424,48171,52405,34272
2019,1_ID,12088,10029,16570,17630,19123,39747,55505,79358,51932,54678,35775
2019,1_IL,2183,1887,2374,1856,1608,3171,4331,7034,6916,10788,14331
2019,1_IN,9592,8590,11273,12252,12236,26106,34098,48093,35420,40729,25908
2019,1_KS,5517,5426,9363,10581,10204,21645,30766,41028,26863,25620,13717
2019,1_KY,9401,11002,16391,14142,14429,27027,33971,41484,25697,24191,13070
2019,1_LA,6575,6414,9032,10278,10146,17537,23121,32073,24584,28246,25127
2019,1_MA,9414,11184,17569,16591,15281,30226,39206,53560,41106,52898,42258
2019,1_MD,6499,6256,8594,10000,9978,21344,29251,43680,36097,48946,44513
2019,1_ME,5803,6522,10817,11049,10883,22921,32601,50291,39943,46672,35259
2019,1_MI,11085,11295,18218,19353,20437,39896,54175,68533,42572,38002,20654
2019,1_MN,6645,6713,13241,13031,13541,26949,42120,58861,45909,51792,33817
2019,1_MO,13299,14527,17017,17421,16790,35021,42446,53332,32025,31192,23206
2019,1_MS,9625,10000,14955,15811,14712,28899,37595,45240,33932,29782,17871
2019,1_MT,6597,7365,11448,10736,11172,22255,30127,39553,26509,27165,19149
2019,1_NC,7985,9731,15455,13275,12579,21932,28934,33406,19687,18292,9609
2019,1_NE,3751,3899,5370,6674,6694,15059,20359,28895,20640,23950,15528
2019,1_NH,4584,4249,6755,7334,7997,17016,24157,40901,33066,45001,42571
2019,1_NJ,7919,7691,9461,11655,11511,20858,28325,43384,36465,51837,52164
2019,1_NM,12185,11772,15659,16736,17802,32331,40007,53504,36068,38372,27193
2019,1_NV,12435,9002,12393,13096,13582,24824,32305,39385,24015,23141,14011
2019,1_NY,6785,3949,7540,8472,9173,17166,26808,43687,41535,69564,109439
2019,1_OH,17054,16864,21571,22615,22682,43887,58071,86787,63460,79503,81430
2019,1_OK,7452,6456,8687,10018,10436,20615,29608,37042,24887,26871,25413
2019,1_OR,6517,5976,7594,6608,7818,16562,23612,35867,29133,38733,42362
2019,1_PA,6231,5039,9051,10931,11270,24058,34590,57179,49552,69943,91072
2019,1_RI,5019,5192,8360,7154,6104,12684,16473,23387,18818,24201,24631
2019,1_SC,4906,3458,4321,5066,6247,13455,19496,30076,23536,28758,30366
2019,1_TN,12448,14026,21095,21594,22466,40153,50103,62179,37340,32848,18966
2019,1_TX,7531,8829,11412,11668,13327,23642,31545,40545,27606,27090,17846
2019,1_UT,4182,3739,5291,5018,6146,15148,23030,36320,28858,30218,20487
2019,1_VA,7805,6728,9259,10840,11298,23375,38076,55751,46823,59254,53774
2019,1_WA,7274,5917,8823,8944,10345,20525,34636,59896,56378,83801,102781
2019,1_WI,9137,8414,14673,16181,18086,34990,50525,73884,56514,64923,41835
2019,1_WV,16158,21204,26206,27958,25124,45406,55853,65706,40628,37154,20675
2019,10_CA,7499,5184,9641,7611,9385,18857,27775,46730,47296,74101,143708
2019,10_FL,15060,10556,15013,17483,19430,39264,52314,69967,45063,45990,40355
2019,10_GA,9641,8317,12009,12591,13969,24533,32328,43105,29562,31740,21392
2019,10_IL,5605,4549,6239,6984,8114,16403,23603,35874,30096,44388,75560
2019,10_MI,6960,7566,10896,13618,13843,29440,39564,55663,39427,42845,26902
2019,10_NC,13888,11366,21775,23273,21748,42083,58481,72340,48320,43998,30789
2019,10_NJ,14354,15570,17833,16447,15373,30418,35723,52146,36983,44946,47529
2019,10_NY,14931,15331,22297,17568,16202,28078,36285,50308,42899,60091,120854
2019,10_OH,11364,12282,15764,16288,16972,32497,43106,55773,39008,39097,25799
2019,10_PA,8068,7628,11964,13936,15105,32450,45717,71164,53315,61046,41693
2019,10_TX,8836,7428,8758,8641,11865,19412,25091,35096,25109,34635,38480
2019,10_VA,3768,2220,3335,3459,3999,10149,16390,31036,31290,57268,115337
2019,10_WA,4047,2720,4301,4714,4952,11320,20347,33052,27376,35087,22952
2019,11_CA,9363,7759,18137,10643,10294,17846,22235,35456,32733,56327,140955
2019,11_FL,5879,6166,9958,10705,11767,26803,37611,49382,37073,36425,27728
2019,11_GA,1617,669,1142,1583,1968,4533,6068,9280,8735,12725,16122
2019,11_IL,8602,6202,9878,12821,13652,28544,47289,75100,63955,96499,105412
2019,11_MI,7347,6560,10216,10201,10464,21476,29862,45288,37923,50835,57854
2019,11_NC,7315,8843,17341,18042,16509,35719,44233,56788,35737,34467,22779
2019,11_NJ,6574,5972,8364,8443,10179,18549,25812,42686,39255,63476,121483
2019,11_NY,8518,4162,6526,6136,5842,11598,15806,25053,21822,34958,40949
2019,11_OH,24133,23881,28504,27051,24012,48070,58625,71445,44404,42561,32760
2019,11_PA,4495,4042,6848,8596,9204,19241,27345,43125,34107,37101,25340
2019,11_TX,9763,9270,13146,13405,15910,33315,44383,61782,42177,47426,34102
2019,11_VA,2271,1485,1390,1682,2391,4305,7493,14638,17147,32034,67313
2019,12_CA,7381,5177,11091,7665,7335,13817,17593,25169,20813,29121,44787
2019,12_FL,9550,7939,14548,15393,16510,31615,42513,50014,28926,26686,15230
2019,12_GA,10933,11660,15376,14446,13605,25518,32896,41597,28234,27746,18079
2019,12_IL,11290,11312,18464,18873,18193,33696,47670,60410,43400,43700,25251
2019,12_MI,19021,18361,19236,19347,19861,37862,49388,61293,39458,41374,25336
2019,12_NC,4652,2077,4251,5514,5423,13989,20638,29977,21367,26615,24064
2019,12_NJ,4426,3136,4412,4451,5077,10198,14267,23289,20133,32093,48366
2019,12_NY,15211,12213,14143,12264,10592,18601,22907,39366,35649,55567,141647
2019,12_OH,9864,12902,16685,17863,19273,36944,50314,72316,53382,57592,38849
2019,12_PA,13590,14838,19267,19590,19348,35985,45025,61721,44669,48787,37555
2019,12_TX,12038,9006,14209,14534,15903,37180,50925,78663,58222,71683,60922
2019,13_CA,4943,4216,7956,6853,7231,14562,19618,23568,16832,16696,12073
2019,13_FL,9661,6102,11698,13697,14189,27930,37086,45527,32911,33879,28746
2019,13_GA,11384,9422,13921,16217,17488,34968,51947,74750,52033,53486,36248
2019,13_IL,18901,15649,19822,19518,21185,39493,53196,71811,51754,59683,43210
2019,13_MI,17469,18493,17213,15964,14837,28841,32224,37352,21180,20248,14668
2019,13_NC,6566,5529,8965,9380,11881,23847,34162,47837,36440,42259,29653
2019,13_NY,7682,9689,14162,8897,7511,13817,16799,24453,18188,20194,17617
2019,13_OH,12783,13309,19173,20053,21721,41378,55531,74516,54815,59552,44061
2019,13_PA,6163,7442,12866,13219,11805,26365,36244,47475,35175,33358,16309
2019,13_TX,7841,7941,11152,12039,13098,26578,32456,44148,28608,30441,17761
2019,14_CA,3951,2677,5778,4536,5710,11347,16861,30338,29142,47089,76797
2019,14_FL,12757,10434,15494,16455,16406,33562,45915,60443,42195,47451,44623
2019,14_GA,10708,10170,17251,18087,19245,42170,55644,75472,52452,59501,42069
2019,14_IL,6011,4682,7391,8017,9278,18522,24991,40837,32301,41620,31590
2019,14_NC,8269,7524,11210,11733,13501,28594,38157,52827,37568,45452,51404
2019,14_NY,5039,4762,6578,5040,5480,9250,10433,15218,11012,13743,11594
2019,14_OH,7833,8234,12401,12955,14126,29038,40988,55611,37933,40499,25955
2019,14_PA,11078,13833,19549,22454,21422,42843,56090,77060,57702,65429,45007
2019,14_TX,9684,8978,12232,12978,13063,25401,34881,48625,35788,47470,44776
2019,15_CA,2535,1407,3180,3155,2838,6130,9434,15373,17062,26493,51892
2019,15_FL,12766,10612,15474,16228,17586,35966,48767,65127,44169,46543,39243
2019,15_IL,4904,5246,8031,10417,9988,19295,26927,36359,24693,24054,12695
2019,15_NY,26780,33295,40915,32233,25144,45206,57206,70783,42625,41851,27367
2019,15_OH,6064,5241,7232,8592,8256,18371,26239,40788,29307,36265,28401
2019,15_PA,9776,11068,15938,18665,18662,35506,47502,64594,42703,42389,22976
2019,15_TX,3469,6436,7419,6742,7211,10331,11685,14364,7953,8179,5838
2019,16_CA,8376,4308,8919,7668,8498,17070,24777,41666,39604,70281,207802
2019,16_FL,4943,3650,6003,7970,8244,17682,24854,33681,23542,28589,21741
2019,16_IL,2146,2266,4332,4513,4599,10383,15621,23399,17316,20835,14006
2019,16_NY,7958,6473,8975,8420,9002,16668,22215,32701,27595,40483,75985
2019,16_PA,7956,10229,13541,15632,15484,29951,39212,53897,37728,41849,29769
2019,16_TX,9194,12731,15180,16286,14833,28943,37278,49103,28180,28893,16002
2019,17_CA,690,440,853,692,873,1926,2908,4802,4032,10726,23600
2019,17_FL,7694,5191,11407,13435,13846,29374,41395,56752,37889,39283,33589
2019,17_IL,18025,14198,20295,21617,22941,42567,58217,81119,56957,59226,38644
2019,17_NY,3828,2942,5579,6804,6229,13477,17644,27984,24402,42311,77463
2019,17_PA,4609,4703,7253,8873,9026,17660,23949,35217,26460,34453,30548
2019,17_TX,7498,8116,11157,11406,11554,22130,28656,37740,25619,29470,22722
2019,18_CA,7747,6391,13842,12998,13683,27396,40597,64342,53655,78630,126210
2019,18_FL,12447,11541,18842,20852,22693,41885,56298,67253,41183,37080,23292
2019,18_NY,5454,4007,8614,7981,8017,16573,23509,35186,30842,46356,50172
2019,18_TX,14427,13581,18426,21778,21867,44852,56272,67559,42364,42853,33134
2019,19_CA,2769,2070,3242,3279,3110,6111,8525,13564,12168,15856,22833
2019,19_FL,11867,7355,12033,14428,16492,36291,48952,69923,48742,51428,54512
2019,19_NY,11634,11191,19242,18554,16549,33833,43684,62813,45607,49546,36690
2019,19_TX,8428,9154,12238,11889,12375,25602,33828,41538,28981,30763,19003
2019,2_AL,15180,15714,20222,20656,18492,34363,44519,56059,36825,38516,23198
2019,2_AR,8803,6494,9613,10031,11645,21644,28370,36563,23029,28597,22657
2019,2_AZ,18514,14737,18780,20483,20208,40841,56953,77699,51534,50596,29158
2019,2_CA,10888,7365,18097,15529,15152,31812,44100,66348,53095,70548,98180
2019,2_CO,11288,8561,12056,12801,13864,27872,43222,66301,56215,75345,81320
2019,2_CT,6299,5359,8744,9020,10101,18881,29053,46380,39823,53908,58956
2019,2_FL,12735,11011,14221,15917,14669,30989,40534,50394,34587,32803,22492
2019,2_GA,11369,10647,13600,14189,13324,24736,29727,36143,21773,21918,13429
2019,2_HI,5846,5601,6287,6918,6523,14112,19939,31324,28370,37536,36435
2019,2_IA,8126,9540,14220,16148,15719,33990,48336,69372,51709,53911,32375
2019,2_ID,7101,7016,11161,12878,12730,25415,35835,49614,30445,33151,18993
2019,2_IL,26342,20827,23436,24625,24389,42817,53364,70534,51118,54238,33923
2019,2_IN,10476,7653,12769,15404,15682,31685,44119,61271,41069,41477,22394
2019,2_KS,13099,13141,19036,19229,20029,40818,56217,73229,48702,49481,28164
2019,2_KY,10066,12759,16953,15558,18776,35204,50312,65167,44550,44618,23445
2019,2_LA,26635,25630,30001,29145,27351,50892,59968,79111,54622,60936,51284
2019,2_MA,7531,5851,11192,10524,9471,17961,26740,38511,30570,44004,54630
2019,2_MD,8823,6265,7881,10188,10752,23117,35166,57645,49772,72982,84783
2019,2_ME,7805,11580,17904,17399,16371,30759,41331,53637,37070,34266,18987
2019,2_MI,5553,5754,9753,10512,10525,20502,28482,38343,24686,21630,10689
2019,2_MN,2598,2319,4091,4183,5134,12294,20321,32409,31496,47033,50934
2019,2_MO,4689,4106,5924,8165,9039,18349,30774,45143,36070,47372,58567
2019,2_MS,19231,23217,26523,26478,22829,40570,49667,56015,36941,33363,22935
2019,2_MT,5732,6566,10880,10451,12554,24004,31605,43997,30070,32370,20655
2019,2_NC,2102,1337,2573,3331,3866,8264,14201,19966,16253,22349,27682
2019,2_NE,8672,6924,10355,10885,12304,24562,37958,54778,44029,52880,42765
2019,2_NH,5483,5727,9064,10875,11231,23013,31935,49719,41822,54342,54949
2019,2_NJ,7839,7670,11151,12316,12333,22266,32010,46994,36534,48917,42002
2019,2_NM,6804,8988,10307,11002,10722,17834,19952,23795,13524,14458,8048
2019,2_NV,7336,6123,10738,11149,13012,25076,38457,55537,41832,47684,35040
2019,2_NY,3505,2173,4289,4755,5114,10616,13412,24286,23840,37762,51450
2019,2_OH,7788,11086,12643,13920,13295,24324,31948,42257,29287,28868,14322
2019,2_OK,13091,15535,24809,24000,23108,45107,55789,71868,45859,45109,25464
2019,2_OR,8290,10574,14176,15905,15085,30138,38347,51330,34122,31250,19091
2019,2_PA,11404,13283,13411,13868,12639,25350,32318,38422,25131,26205,15755
2019,2_RI,7655,7416,12026,10258,10547,19208,27039,40624,34229,43907,35462
2019,2_SC,5640,4891,8099,7606,7895,16111,22888,30682,21243,23333,14952
2019,2_TN,7557,7395,9936,10802,11241,21078,28841,37625,26634,27477,22691
2019,2_TX,9304,7664,10386,13722,14442,31617,43243,69238,54792,75515,84779
2019,2_UT,8473,8059,13725,13707,14867,34369,53337,82453,64223,72754,49447
2019,2_VA,6107,5910,8080,9354,10915,23523,36389,58425,48078,62621,49026
2019,2_WA,4914,5311,6444,7061,6727,15585,22953,35675,27822,30160,24262
2019,2_WI,5655,4469,7986,7754,8836,18924,28715,42568,34012,43663,37595
2019,2_WV,12603,13528,18001,20016,19534,36887,49151,64113,42616,46058,27749
2019,20_CA,4418,3928,6810,6629,6775,12606,15620,22845,18123,19604,16267
2019,20_FL,12780,11691,17589,20221,19279,40049,55731,72893,45984,51176,47845
2019,20_NY,5590,5784,10434,10146,9898,20250,29014,42610,35277,47624,42384
2019,20_TX,10459,9210,12699,13801,15266,30968,42694,62196,42030,45274,34156
2019,21_CA,2451,2207,5230,4143,4309,6770,7055,7522,4039,3354,1575
2019,21_FL,9636,7934,11420,12509,14155,27200,36753,47509,32151,33870,30478
2019,21_NY,8651,9125,16394,16220,15913,32176,43581,60845,44280,47582,29073
2019,21_TX,1725,1595,2073,2771,3655,7617,10852,17003,13239,15579,13340
2019,22_CA,11989,10232,20183,20123,19928,38762,49143,62660,38522,41872,29988
2019,22_FL,8965,6637,12021,14086,14655,28525,39598,52959,37390,43192,46964
2019,22_NY,10321,8236,13401,13929,12794,25704,35468,51135,36271,42239,29875
2019,22_TX,1153,967,1586,1138,1386,2152,3334,3955,3674,3739,4390
2019,23_CA,16286,11499,20735,17497,19515,38623,51529,67921,49045,52220,35041
2019,23_FL,4345,2329,4299,4736,4933,9896,13719,17737,12266,15250,19889
2019,23_NY,7007,8049,13912,14246,14165,26537,35718,49770,36586,41143,26815
2019,23_TX,4787,7139,9588,8922,8139,16703,21302,30457,22671,28232,26416
2019,24_CA,7025,4923,8591,7892,9340,17213,27445,40576,31503,42505,46662
2019,24_FL,12669,14351,15821,16132,16296,29237,34683,41465,24682,23613,23301
2019,24_NY,11069,10921,18310,18982,19364,39564,59057,82349,62976,71445,47297
2019,24_TX,11029,7656,12440,15763,18397,37965,57553,82333,56198,70827,94717
2019,25_CA,12153,7687,15811,14854,14819,26181,34029,40507,27304,30150,24600
2019,25_FL,12653,9344,11117,12810,13724,29376,42944,59726,45285,56278,56754
2019,25_NY,8713,9163,13620,12770,12478,24886,32988,44002,30136,35666,22998
2019,25_TX,11244,9318,15945,17809,18970,38290,54698,74507,52935,58368,41515
2019,26_CA,4251,3570,6938,6986,8242,16356,24759,38410,35785,49315,59671
2019,26_FL,5266,6982,7091,7781,8097,14198,18448,25427,14768,15297,9976
2019,26_NY,14867,12989,20812,18167,19128,34692,43211,59783,42521,46350,32820
2019,26_TX,7621,5338,7068,8092,9818,23022,39119,60597,51111,72683,98979
2019,27_CA,5652,4025,8282,7496,7972,16827,24672,38688,34521,49054,56567
2019,27_FL,15329,19202,21269,22220,20479,41067,50083,67767,48146,55166,59528
2019,27_TX,7682,11519,14811,13884,14263,27476,35489,48283,34718,38335,27335
2019,28_CA,9237,6388,10882,10754,12014,21189,31861,50579,42494,59135,61112
2019,28_FL,3544,3657,5111,4965,5303,11590,16262,22728,16899,19614,15844
2019,28_TX,15867,18368,21309,22808,22589,41632,53691,73184,49777,52836,34533
2019,29_CA,4395,3128,6975,6881,6200,12162,17134,22766,17430,19997,18356
2019,29_TX,1008,1046,1476,1965,1902,3423,3621,4272,1799,1360,413
2019,3_AL,12414,11138,15521,15860,14795,27540,31547,44618,28091,27686,16426
2019,3_AR,8064,7476,10739,12546,13431,26686,35761,46688,29451,31987,25838
2019,3_AZ,4651,4325,5269,5273,5158,10484,13710,15287,8935,8074,4301
2019,3_CA,9610,6955,15671,14483,15050,29985,43451,67583,54671,75807,81791
2019,3_CO,9057,9631,15413,14464,14928,27682,39997,49670,36213,35620,23340
2019,3_CT,6721,5647,8704,8390,9326,16826,22824,35689,27277,36618,41595
2019,3_FL,16160,13648,17674,19712,21478,37922,50784,61693,36986,34614,22556
2019,3_GA,6932,5972,7584,8295,8439,16374,22089,31192,22896,27908,21140
2019,3_IA,5489,5445,8913,9350,10148,20838,29841,46299,34231,40192,31861
2019,3_IL,14092,13497,16771,19076,20952,40174,54979,83339,68956,92824,104558
2019,3_IN,6067,6212,10069,12452,12846,27964,38190,52477,36151,33833,19281
2019,3_KS,4822,3483,6062,6872,7047,18604,27985,43949,37984,51861,56602
2019,3_KY,7693,10206,12217,13112,12049,23970,32362,39221,25541,25875,19647
2019,3_LA,13415,14112,16673,18771,18879,32667,39398,50088,35740,40336,28371
2019,3_MA,6420,6342,11902,9714,10290,19020,27314,41609,34683,51236,59707
2019,3_MD,4364,3236,4742,4743,5328,11360,20039,36149,36456,59211,84579
2019,3_MI,9687,10612,14204,18299,20196,38355,57134,83945,59487,66088,45499
2019,3_MN,3729,3292,5177,5760,6955,14462,24357,42176,38650,57192,76550
2019,3_MO,9599,9231,12823,14790,16819,32628,48484,68679,53165,63762,45805
2019,3_MS,14039,14795,18891,17020,17871,30110,35356,44972,29455,29785,18589
2019,3_NC,14376,15672,23447,23013,22757,45732,59337,73641,47888,45055,25720
2019,3_NE,7558,8356,14186,14503,15647,30863,44428,59739,42647,40669,22178
2019,3_NJ,7625,5814,9419,12130,12675,24405,34348,56684,48736,69272,99701
2019,3_NM,14163,13595,17978,18541,18102,34466,44612,59399,40667,43357,32602
2019,3_NV,15626,9818,14168,17390,18797,43487,62989,85907,64818,70742,60322
2019,3_NY,3195,1957,2952,3058,3372,6477,9695,15854,15670,25679,60718
2019,3_OH,12946,11999,15138,16115,16946,34535,48915,67024,48356,54970,46875
2019,3_OK,11315,10625,15686,17019,16245,30783,40269,51831,33552,31580,16872
2019,3_OR,4405,4963,6905,7320,7402,15153,21510,31848,22971,28878,21521
2019,3_PA,26486,24367,25047,21148,19325,35435,43497,55714,37612,39074,40563
2019,3_SC,9335,9739,15064,14608,14371,27918,34505,43463,28772,27799,17622
2019,3_TN,11551,13373,21744,21380,20121,41068,52643,67948,46371,48413,31012
2019,3_TX,7175,4340,6601,8092,9335,21084,32763,54838,49196,74380,85973
2019,3_UT,2727,2699,4411,4453,4907,10271,14878,23547,18197,21719,17089
2019,3_VA,11333,9265,12683,12709,13679,26057,37354,52219,34419,32490,19563
2019,3_WA,7408,7320,10933,11427,14028,24616,41665,60554,48808,58224,42649
2019,3_WI,7412,7833,17138,16384,16472,34681,48849,70366,51370,51747,27612
2019,30_CA,4545,3756,9953,7350,6623,10667,13828,21056,15426,19417,20116
2019,30_TX,16379,14986,18495,18537,20302,41090,54350,71168,49551,49217,37259
2019,31_CA,2402,1933,4210,4748,5262,9421,12578,19255,15379,17968,15590
2019,31_TX,2619,3052,3677,4426,5662,10692,16381,25962,20262,24438,19366
2019,32_CA,17952,10078,21789,18256,18501,36045,51064,77841,64901,95161,147795
2019,32_TX,527,437,383,686,801,2168,2643,4477,3593,4626,5092
2019,33_CA,2250,2761,6009,5282,5486,10029,14256,19699,13006,12502,5725
2019,33_TX,1648,1026,1292,1503,2189,3607,6170,8025,4604,4182,2297
2019,34_CA,18391,13459,30121,23288,23376,43445,54882,68227,45102,52051,50068
2019,34_TX,13936,19588,23262,22408,20018,36404,40265,50055,30695,32344,17754
2019,35_CA,2215,1602,3232,3624,3752,7706,11375,20083,16552,21274,19667
2019,35_TX,9109,6687,9208,9598,9873,21820,31263,40035,27504,29007,20106
2019,36_CA,3518,1216,3233,2901,2370,5565,6834,12063,12494,19217,43548
2019,36_TX,5963,5915,8042,8569,9326,19080,24192,37298,26118,32159,25895
2019,37_CA,9446,6316,11300,9198,11050,18577,26240,34676,26242,31122,38375
2019,37_TX,12184,7929,9555,10648,12682,30023,44414,72792,55335,81699,102874
2019,38_CA,7995,5024,9964,10524,12091,25220,37079,58452,49879,70544,66167
2019,38_TX,113,117,381,216,478,632,989,1513,1404,1512,1270
2019,39_CA,8380,5841,11340,10650,13075,26175,38201,59825,47923,61123,51128
2019,4_AL,10598,11781,18955,19797,18758,33132,42117,51453,32393,29579,15095
2019,4_AR,12000,15048,23100,22004,21279,39381,48821,59637,35309,34010,16982
2019,4_AZ,15016,10178,15475,16740,19034,39672,57388,78596,53485,62127,52441
2019,4_CA,7018,5469,9417,7640,8598,17255,26487,40385,33883,45144,50576
2019,4_CO,2256,2255,3357,3188,4072,8585,12499,20410,19278,28248,37561
2019,4_CT,7165,6406,9221,8692,9769,16939,26329,36659,30068,45650,95422
2019,4_FL,9627,8272,11125,11173,12309,24882,33552,47725,31940,31370,20937
2019,4_GA,3172,1974,3519,3546,4419,9137,13731,17979,12162,13419,9620
2019,4_IA,9100,8248,14533,15843,15746,31815,43975,63112,47073,47744,26507
2019,4_IL,9792,9289,11285,14599,16932,26362,33735,41449,28464,29248,21387
2019,4_IN,9730,8859,12698,14736,15930,33760,48076,70371,52411,56446,36766
2019,4_KS,9275,8255,12376,13899,14105,28833,40507,54082,37504,40047,25074
2019,4_KY,10539,10779,15504,16374,16008,33748,45267,67380,50826,61400,48955
2019,4_LA,15350,18833,22587,21692,21566,36169,39849,48404,31526,32105,20676
2019,4_MA,8272,6660,11429,10910,10343,19340,26911,41729,39070,58766,90510
2019,4_MD,6692,4876,6354,6769,7647,18295,28543,52150,44469,59508,60654
2019,4_MI,4428,5192,6721,7343,6837,16143,21799,26122,18571,19991,13836
2019,4_MN,6347,5746,9145,9047,9070,19478,27734,41670,31450,40031,37754
2019,4_MO,6052,6986,11559,12897,13450,26523,38047,50612,36334,39252,24310
2019,4_MS,8369,8611,13238,13877,11262,22820,30316,39040,26690,26246,13555
2019,4_NC,7076,6831,9703,10001,10752,22718,31827,42979,33260,39792,39781
2019,4_NJ,3547,2754,4777,5740,7228,14426,18957,27916,21453,34355,35270
2019,4_NV,2788,2272,2951,3420,4864,8864,15968,22888,18285,20735,12485
2019,4_NY,4228,3555,6025,6545,7754,13814,20739,34579,33675,58525,99269
2019,4_OH,5250,5805,7471,9246,10229,19029,27161,39387,25912,27919,15943
2019,4_OK,6867,6516,9047,9862,10113,21689,29059,41451,30001,31244,19684
2019,4_OR,9847,9503,14337,15384,15160,30092,37496,50156,32555,31584,20763
2019,4_PA,2993,2329,3893,4965,5405,10049,15678,26770,23811,35158,42342
2019,4_SC,10110,9588,14114,14290,16254,32562,43690,59085,42875,42455,33167
2019,4_TN,7036,7485,11690,12253,11434,24027,34005,44668,30387,28824,16851
2019,4_TX,4049,4805,6069,5920,5817,12135,15534,20811,13627,14285,11449
2019,4_UT,4483,3443,5088,6604,6738,15828,27655,48759,41028,56163,46093
2019,4_VA,7822,7305,10665,10242,9223,19586,27287,35896,23742,26046,16169
2019,4_WA,6488,6781,11253,11848,12831,25638,37342,53288,35078,37640,25175
2019,4_WI,13222,12040,19290,16532,15943,29043,37942,45474,27843,27861,17215
2019,40_CA,1268,607,1522,1480,1623,3351,5236,9603,8660,13800,23024
2019,41_CA,1499,978,1513,1681,1811,3542,5359,7671,6058,9599,10626
2019,42_CA,4275,2831,5483,4999,5889,11472,16294,23063,17130,18696,17062
2019,43_CA,11760,8074,17407,13220,15124,27332,36938,51003,36145,45265,46571
2019,44_CA,11036,9133,19586,17785,19034,37336,50587,69572,51403,59040,52371
2019,45_CA,1325,768,1613,1929,2571,4455,6990,11506,9801,15816,22000
2019,46_CA,6224,5511,9872,9537,10958,21530,30860,49622,37290,45831,41288
2019,47_CA,14263,6366,11860,10805,11815,23036,34660,56475,52826,77530,116665
2019,48_CA,12602,9452,17016,19161,19530,40663,57544,93911,76342,107486,110536
2019,49_CA,9666,4306,7427,7812,9844,20559,30017,48175,44409,67665,119147
2019,5_AL,6831,6345,11207,11098,10277,20944,26453,36261,27747,33803,29289
2019,5_AZ,5882,2536,4324,6319,5757,14715,23496,39454,32566,45733,43798
2019,5_CA,10808,9433,19443,18315,19495,39158,53704,76090,55981,67455,56994
2019,5_CO,6558,5656,8755,8895,11120,21732,32326,50911,38280,46699,37571
2019,5_CT,7237,6981,10242,9747,11871,21970,34075,46004,37948,53077,60230
2019,5_FL,8002,5428,8383,8923,11439,24287,38180,52254,39652,47700,46734
2019,5_GA,15038,13430,15385,15724,15571,29998,40184,55074,39754,48973,71718
2019,5_IL,3832,2280,2636,1901,2121,4848,6265,14218,12853,18147,34795
2019,5_IN,8992,7081,11124,12975,13781,28639,38409,53432,40679,49896,49853
2019,5_KY,19404,26739,27745,26346,22800,39355,46918,53338,32648,27042,12193
2019,5_LA,14575,18518,20817,21547,19711,32693,38300,47319,30227,32891,21839
2019,5_MA,8783,6628,11468,9870,9090,19613,28456,45303,40502,65590,110872
2019,5_MD,2602,2145,2910,3629,3169,7500,13687,22090,24501,39898,47634
2019,5_MI,10167,10781,16036,18384,18599,39144,52934,71607,48513,49334,29331
2019,5_MN,10589,9830,15595,14470,14731,29372,43646,61011,48237,57818,55981
2019,5_MO,8924,8000,11843,12586,12302,23708,33145,39880,25259,24906,17060
2019,5_NC,8119,8547,12389,13030,12233,24910,31380,38829,27790,24924,19572
2019,5_NJ,5292,3667,5825,6533,7294,13897,19520,33292,32729,52943,92043
2019,5_NY,7388,6675,10131,8926,9751,19006,28216,42628,35677,44994,45142
2019,5_OH,9667,9333,14192,15458,15710,33492,48942,66337,47837,50355,30220
2019,5_OK,12014,11811,17815,17539,19741,38484,54673,72163,50083,53207,44139
2019,5_OR,7883,6802,9906,10099,10879,24045,35304,54183,42989,49750,43029
2019,5_PA,7055,5831,7879,8364,9751,20568,27005,40220,30956,41239,50338
2019,5_SC,8849,6503,12220,11177,11686,22612,29186,40073,27116,29562,22797
2019,5_TN,7803,6867,11241,12029,13089,30381,47691,68282,52276,60945,56976
2019,5_TX,6911,8333,12124,12754,13205,28836,39332,54489,37822,43285,27402
2019,5_VA,9906,8235,13572,13263,13405,26152,36903,47963,36101,43370,38645
2019,5_WA,8319,10151,12099,12562,13871,27447,38619,49421,36052,35767,25495
2019,5_WI,2797,1897,4396,5222,6629,12111,19154,30471,26337,37546,37944
2019,50_CA,7565,5219,11077,8912,9875,19088,27727,41721,32201,45011,59551
2019,51_CA,2420,1382,2814,2646,3165,6264,9286,16920,16145,22375,25409
2019,52_CA,3393,3147,7076,5530,6289,12491,17365,25474,19099,23152,16342
2019,6_AL,13705,13666,18611,18185,18970,36586,49558,68807,50574,59530,48816
2019,6_AZ,14712,15051,20829,22589,22319,43195,58640,75379,50107,52403,40016
2019,6_CA,7203,5408,10816,8501,9827,20876,27151,39183,28425,33201,25021
2019,6_CO,8670,7289,10615,11215,12754,30090,47078,72929,58099,79527,78126
2019,6_FL,11405,7767,13707,15010,15770,32926,40664,52107,32182,30509,18490
2019,6_GA,4805,4172,5204,6426,7069,14996,24803,40608,34807,49141,62105
2019,6_IL,10462,7692,11693,13626,15032,28427,39851,54654,41468,52829,50036
2019,6_IN,6851,6405,11064,12647,14017,27756,39023,53678,36380,37554,21158
2019,6_KY,7353,9017,11767,11847,11387,23339,30748,41990,30550,34156,25227
2019,6_LA,3790,2606,4088,4888,5491,11042,15895,23231,18071,24709,21091
2019,6_MA,5582,5611,9777,9112,8540,15525,22607,36619,32918,47748,75438
2019,6_MD,5710,5800,8435,8499,8791,18956,28852,42957,35372,51030,61479
2019,6_MI,9431,7944,10792,11883,13020,25729,39024,59297,46697,63973,71095
2019,6_MN,3439,3185,5021,5240,6491,13346,21799,32749,29795,40002,29170
2019,6_MO,8374,8811,14894,16026,16063,34795,44455,62852,45985,48318,29650
2019,6_NC,14456,14049,22180,23118,20939,43897,57559,71208,48049,48279,32872
2019,6_NJ,8986,7416,9598,10352,11133,21529,29521,48681,39684,59474,70784
2019,6_NY,7710,7347,10052,11556,11800,22948,29471,40490,28619,35055,30783
2019,6_OH,8722,10532,14852,15711,16560,29450,38637,45772,32000,29869,14904
2019,6_OR,9059,7892,12770,14210,15329,33844,48120,71543,56456,69320,63325
2019,6_PA,6459,6820,8336,9378,10291,21592,30226,48358,40326,59384,80580
2019,6_SC,26497,22403,28277,29700,29125,57542,75503,96905,66854,65195,44802
2019,6_TN,5463,6327,9309,10109,9230,18741,24013,30888,19979,19444,14072
2019,6_TX,3230,3348,5322,6246,5632,12154,15838,21596,13959,15791,9895
2019,6_VA,8437,8980,14659,15147,14374,31418,45103,63693,44050,48517,31195
2019,6_WA,10413,10224,13807,14537,15625,32523,47108,70530,53455,62210,47717
2019,6_WI,8879,6882,16026,17579,19346,41570,57996,84157,66774,72431,44877
2019,7_AL,10056,11163,13825,11386,10677,18610,22156,27727,16486,17025,10206
2019,7_AZ,2275,2262,2962,3116,3549,6467,9034,11483,6976,6194,2758
2019,7_CA,5884,4506,10030,8297,8432,15572,21043,32918,25227,30753,27348
2019,7_CO,4713,4418,6514,6877,7667,14520,24434,36758,29033,36631,35670
2019,7_FL,7520,4139,6504,8391,9379,18017,25709,36121,27366,29074,27471
2019,7_GA,8759,6205,9695,11320,13274,32491,47270,73827,56129,70308,73500
2019,7_IL,5746,3996,4188,3642,3724,5811,7525,11060,9706,13568,21456
2019,7_IN,13750,7841,10440,12035,10472,22613,28219,30486,17695,15883,11806
2019,7_MA,4682,5141,6254,4175,3812,7734,8421,12921,10579,15309,18351
2019,7_MD,14387,15022,15941,15176,12645,27157,36175,49781,32714,37251,27713
2019,7_MI,7052,6983,8955,9848,11784,22221,31697,45448,32790,38826,29686
2019,7_MN,4941,5903,11452,10888,11271,21287,31186,46431,34412,35427,19030
2019,7_MO,9202,11639,16618,16898,19018,36629,49233,60984,36371,33629,18767
2019,7_NC,18940,16759,24693,22134,24318,44191,57127,72600,47437,46753,30101
2019,7_NJ,4164,2994,4811,5778,6664,12785,18622,33116,32460,50708,94531
2019,7_NY,28320,21651,29173,25252,23127,44067,57679,81016,66999,86838,106553
2019,7_OH,2957,2064,3713,4767,5794,11661,17293,27534,22199,28843,26640
2019,7_PA,5207,6051,9130,11000,11042,22243,32305,46338,35481,42208,34376
2019,7_SC,10960,10178,15235,15773,16252,31528,39170,49506,29561,27494,16935
2019,7_TN,11623,10532,14098,15018,16272,31806,47049,61685,44007,45902,33454
2019,7_TX,12236,7408,10556,13160,14180,27581,38979,61678,45883,63078,108406
2019,7_VA,4977,4397,6393,7349,8507,16232,29971,48694,44909,64945,75999
2019,7_WA,7214,5762,8159,6782,7704,15534,23530,38240,33216,52065,79456
2019,7_WI,5728,5493,12270,11525,12573,25200,35600,47776,35373,34624,19858
2019,8_AZ,5245,4170,4926,5653,6667,12514,18387,26132,19757,22327,15346
2019,8_CA,2944,1930,4648,4080,3562,9213,12402,18866,15531,18701,18046
2019,8_CO,3826,2948,5140,5616,7049,14863,24489,38358,31813,39430,29156
2019,8_FL,8136,6141,12557,13715,14892,29123,40737,54590,35622,39019,30543
2019,8_GA,25896,17731,26754,24215,23875,44836,53937,65097,42856,41609,25038
2019,8_IL,8220,6574,9369,11825,12901,26364,41087,67318,56902,81308,89502
2019,8_IN,8322,9320,14498,15155,15944,30926,40388,54945,37649,36576,20272
2019,8_MA,13623,13320,19931,15546,14697,24596,35159,57212,49901,76730,101047
2019,8_MD,4755,4510,5308,5500,5650,13779,19297,33737,32350,50029,100715
2019,8_MI,13799,15371,19723,19580,21041,40879,54594,69042,44319,43653,27918
2019,8_MN,8065,8973,16147,14829,17278,31877,47380,68885,51265,60063,38395
2019,8_MO,11318,15766,21237,21195,21218,38375,51867,64683,41999,40732,21426
2019,8_NC,6034,4780,9387,10813,10752,20769,30012,42081,31066,33783,27171
2019,8_NJ,4304,5509,5933,6608,6144,11523,17276,22977,16625,19761,28788
2019,8_NY,12201,12142,21798,14744,14958,23476,30402,38844,29875,38089,34793
2019,8_OH,5442,4615,6731,8700,9464,18155,27667,39633,31109,32197,20441
2019,8_PA,8122,7334,13540,14493,13589,25610,34465,47365,34451,35352,22158
2019,8_TN,8427,9264,13186,13707,13285,24547,29413,36983,22281,19582,10381
2019,8_TX,7737,5189,7112,7483,9414,20668,32394,49926,39819,55019,52410
2019,8_VA,6635,5752,6019,6277,7115,15495,24030,45656,45259,72094,128369
2019,8_WA,2461,2218,2600,3390,3835,6527,10654,16185,13917,20908,33115
2019,8_WI,5841,4442,10380,11453,10731,23899,34008,49467,35862,39350,23372
2019,9_AZ,14758,11820,17822,20733,23084,48181,64535,92197,61859,61801,36567
2019,9_CA,7515,5469,11859,11810,12227,24286,32275,48150,37195,50293,48990
2019,9_FL,4019,3061,4759,6449,6773,14072,21933,29451,18947,20370,12061
2019,9_GA,7876,6556,11747,12647,11595,24890,33700,47481,34230,35586,26091
2019,9_IL,8528,8197,8852,8378,9287,18659,25258,34936,25605,35165,45683
2019,9_IN,10751,9722,16650,16765,17478,33940,47643,65547,46439,47270,27964
2019,9_MA,6591,5281,11280,10513,10183,21866,29214,45916,38140,55304,59900
2019,9_MI,6753,6638,10531,10853,13105,26547,40299,57035,45668,60152,53999
2019,9_NC,10953,10582,15927,16011,16835,32073,45231,59136,42089,48168,46961
2019,9_NJ,8318,8070,10588,12049,11277,20759,28464,40662,31143,43316,48372
2019,9_NY,4382,4050,7273,5143,4933,11237,14146,20632,14891,16694,14126
2019,9_OH,13175,14236,17621,17868,19517,39620,52365,69297,47052,49922,31298
2019,9_PA,10173,11091,18558,19079,19720,39566,51046,74223,53134,53846,31824
2019,9_TN,17713,13821,21604,20715,19770,38060,49216,64541,41349,47181,41208
2019,9_TX,17693,15815,21596,24156,25449,49975,64702,85645,59075,66843,64793
2019,9_VA,14931,14823,21540,20394,19890,37659,47382,62573,39129,35541,20840
2019,9_WA,9906,10042,11936,12053,11707,27054,42897,69603,55213,83712,103394
2020,0_AK,5949,3869,7476,8007,7831,17154,25802,46592,36099,49201,47139
2020,0_DC,14227,9856,11315,8300,7315,15997,20898,35788,30691,47177,86743
2020,0_DE,11230,7995,13075,11259,14349,33090,43699,66050,51577,63082,56874
2020,0_ND,9007,9189,12780,12625,13199,27237,38050,60184,45490,54662,39572
2020,0_PR,178865,139225,140660,122422,98327,149667,144417,122747,51495,35001,22464
2020,0_SD,8909,9235,14021,13936,15406,33862,46171,64955,49841,51448,32414
2020,0_VT,6249,5675,12907,11082,11572,23388,32383,48075,36571,42955,31923
2020,0_WY,5405,5522,7731,8990,8139,18540,25746,39009,31622,37003,24211
2020,1_AL,10004,9639,13189,14430,11872,26002,34675,44436,30223,33155,23487
2020,1_AR,14442,18060,26423,25372,25031,44107,55545,68984,41490,38297,21077
2020,1_AZ,11733,7087,11293,12478,15444,28335,46593,63515,48041,60920,82066
2020,1_CA,9173,6034,15627,13220,13391,25312,33975,45223,32441,34964,28040
2020,1_CO,6742,6075,7342,7069,7064,15416,23137,37751,26530,36180,45276
2020,1_CT,9441,7739,11173,10039,9656,20609,29342,43985,35909,48881,48860
2020,1_FL,8010,7195,10979,11988,14138,29766,40950,56641,41047,45418,32179
2020,1_GA,10470,8928,13177,14053,14825,27427,40155,51144,37251,40395,26983
2020,1_HI,6389,5325,6472,5642,6950,15234,25847,43514,35778,51938,61272
2020,1_IA,9807,10478,14431,15126,15925,32444,46229,65023,47710,55129,36880
2020,1_ID,10843,8891,15426,16309,18000,37875,56290,85322,53592,60354,41227
2020,1_IL,2418,1597,1970,1662,1601,2924,4523,7757,6181,12457,14580
2020,1_IN,9673,7611,11691,11907,12174,26011,33055,48257,35697,42661,27578
2020,1_KS,5506,5430,8924,9618,9731,22288,30650,41712,26639,26677,15128
2020,1_KY,9985,10846,16025,13142,14030,27234,33291,42881,26145,25155,13756
2020,1_LA,6465,6242,8207,8784,11643,17420,22600,33270,26498,28406,26880
2020,1_MA,9146,10961,17033,15731,14962,29401,38167,55236,40128,54801,45893
2020,1_MD,7109,6073,8326,8935,9591,21055,28450,43163,37576,49923,48048
2020,1_ME,6363,6001,10781,10687,9974,22370,32985,50029,41690,48879,38209
2020,1_MI,10683,11292,17104,18547,19802,39811,53924,69507,45060,39674,23191
2020,1_MN,6733,5933,12470,12359,13358,26346,41259,58592,47368,53655,37215
2020,1_MO,13348,13450,16370,15932,16321,35856,43610,56154,34163,32523,24279
2020,1_MS,10024,9622,15205,15185,13838,27891,36078,45485,34837,31933,20034
2020,1_MT,6351,6716,11303,9949,11291,22269,29540,41827,27460,28705,21810
2020,1_NC,8382,9152,15187,13162,12257,21224,30219,33490,20198,19018,10139
2020,1_NE,3990,3508,5063,5904,6456,15253,20090,30333,21029,24791,16836
2020,1_NH,4722,3826,7174,7892,7165,17422,23853,41576,33204,44461,45847
2020,1_NJ,8152,7151,10111,10311,11071,21722,27512,46176,37466,52664,53763
2020,1_NM,12370,12194,15977,15707,17024,31683,41476,55319,37110,40037,27995
2020,1_NV,13358,8819,12341,12682,13408,24927,32616,40443,25429,25304,15641
2020,1_NY,6556,3989,7012,7807,8804,15877,26716,42832,40664,71558,116353
2020,1_OH,16132,16041,19556,20569,23220,42856,58906,85777,64815,83291,87454
2020,1_OK,7202,5842,7657,9235,10983,20797,29056,36832,25016,28366,27054
2020,1_OR,6454,5947,6636,6471,7743,16456,23687,35657,29493,41228,45590
2020,1_PA,6901,4686,7655,9942,10329,22451,33952,57568,47929,72947,95975
2020,1_RI,4273,4644,7854,6605,5697,12489,16160,22972,19008,25981,25952
2020,1_SC,5451,3031,4267,4964,6797,13013,20032,29909,24042,31082,33346
2020,1_TN,11995,13046,20195,21947,21182,39431,50935,62554,38246,35484,20819
2020,1_TX,7914,8046,11656,11213,12173,23387,29909,42222,27711,28868,19353
2020,1_UT,3773,3465,4884,4450,6489,14238,22449,36558,30445,33343,22417
2020,1_VA,7294,6338,9067,10455,10619,23548,37149,55538,46153,61726,58305
2020,1_WA,7184,5273,8936,8789,10083,19292,32859,61008,55326,86501,111159
2020,1_WI,10092,7835,14625,15810,17158,34075,49292,74601,56184,67296,46047
2020,1_WV,17488,20076,25137,26257,25564,43096,54417,65901,41143,39239,21916
2020,10_CA,7729,5034,10010,6777,8068,17612,26287,46184,45254,73449,153253
2020,10_FL,15029,9990,14186,15252,18460,36281,53126,70766,47054,51411,43278
2020,10_GA,9324,7485,11777,12242,12876,25456,32244,45154,30268,34660,23587
2020,10_IL,6152,4236,6501,6559,8067,16695,22017,36250,29629,45853,79354
2020,10_MI,7200,6516,10506,13120,13377,28293,39658,55033,39459,45674,29476
2020,10_NC,13273,10954,21096,22496,21371,41419,58917,73195,49072,48208,34144
2020,10_NJ,14228,14761,16592,14821,14874,30757,34958,53717,37055,47236,52251
2020,10_NY,15092,13595,22049,15712,15728,26819,35166,49375,42927,61150,127711
2020,10_OH,10865,12482,15200,16468,16803,32310,42392,56432,40015,40809,28038
2020,10_PA,8419,8158,11239,12787,14729,30729,45432,71714,54834,63532,45141
2020,10_TX,8804,7659,9104,8407,10775,18588,26183,37463,25510,35652,42183
2020,10_VA,3681,2483,3192,3016,4013,9548,15993,30721,30638,57795,122132
2020,10_WA,4293,2852,3814,4502,4899,10693,19722,32543,29167,37345,26351
2020,11_CA,9371,7362,17506,10152,9217,16630,21317,35440,31368,54928,148204
2020,11_FL,5236,6086,10007,10901,11276,26675,36107,49948,37523,41930,29910
2020,11_GA,1697,1035,1337,1331,1925,3937,5580,9200,9063,13003,17718
2020,11_IL,8421,6621,9662,11915,13349,27324,45034,74285,64997,98809,111533
2020,11_MI,6941,6659,9365,9419,10023,22424,29800,44921,37932,52224,61498
2020,11_NC,7789,9319,16478,16704,15714,34576,43023,55902,36830,36185,25232
2020,11_NJ,6749,5628,7929,7995,9210,17768,25110,43202,42060,64405,127007
2020,11_NY,6753,4124,6700,5534,5842,11035,16260,26032,21420,35297,43636
2020,11_OH,24614,24012,27110,25819,24748,46948,60194,74025,44570,44355,35477
2020,11_PA,3905,3504,6804,7365,9171,18715,25181,42898,35085,41449,27346
2020,11_TX,9624,9229,12713,12707,16268,32872,44582,61842,41929,50489,38093
2020,11_VA,2325,1519,1467,1530,2178,4145,7454,14498,16668,30834,69717
2020,12_CA,7231,4797,9718,6603,7060,13407,16036,24846,20854,29485,48956
2020,12_FL,9149,7933,14765,14719,16130,32507,42851,49596,30028,28972,17944
2020,12_GA,10277,11008,15070,14266,13653,25781,31371,43345,27905,29375,19886
2020,12_IL,10867,11139,17648,17994,18629,32128,46792,60006,44327,46121,28008
2020,12_MI,18930,18516,18742,19199,18997,36161,49551,62371,41570,43199,27691
2020,12_NC,4199,2628,4479,5063,5111,12824,21815,30721,22558,26561,27129
2020,12_NJ,4167,3303,4589,4221,5267,9542,13246,22820,20891,31650,51008
2020,12_NY,14758,12900,14473,12522,9590,18425,22852,37858,33243,56644,144115
2020,12_OH,10002,12495,16036,16556,17754,35960,50335,72223,53873,59544,44024
2020,12_PA,14514,13818,18314,18310,18594,36469,45209,62417,46096,50178,39029
2020,12_TX,11110,8603,13797,14054,15518,35547,51196,79989,60652,78113,66626
2020,13_CA,4896,4017,7391,6001,6813,13664,20232,25486,16039,18798,12865
2020,13_FL,9519,6151,11058,12741,13215,26355,37520,46488,33224,37156,30944
2020,13_GA,11267,8597,12579,14663,17449,35938,51200,77825,54474,57043,41614
2020,13_IL,18488,14874,19375,18630,20787,38880,52125,74071,51753,61369,45914
2020,13_MI,16153,18325,16929,14607,14672,28946,33820,38066,23191,21955,16667
2020,13_NC,6127,5467,9823,9217,11571,23120,32296,47607,36148,46169,33654
2020,13_NY,7364,10166,12518,9403,6349,13367,16484,24645,18789,21001,19360
2020,13_OH,12441,12936,18512,19459,21406,39690,55922,76846,56770,61732,45092
2020,13_PA,6096,7213,12052,12219,11376,25993,35982,47769,35473,36615,17102
2020,13_TX,7759,7359,11149,12428,12705,25525,32518,43502,29438,31289,19492
2020,14_CA,3866,2776,5851,4541,5599,10171,15375,27547,27456,45418,82602
2020,14_FL,13017,9493,14875,15684,15514,33326,45413,61929,44947,49160,49442
2020,14_GA,11322,10142,15395,16664,18347,39726,56079,74902,55261,63826,46099
2020,14_IL,6776,4515,6620,7577,8208,18632,24705,41474,32527,43876,33928
2020,14_NC,8397,6651,11685,11374,12539,27933,38173,54713,38554,47882,54915
2020,14_NY,4920,4839,6330,5158,5165,7936,9980,15289,10634,15755,13363
2020,14_OH,7723,8109,11896,12927,14934,28522,40183,55779,38978,41556,26912
2020,14_PA,10742,13141,19099,22644,21165,41673,56671,78578,57778,67225,47685
2020,14_TX,10054,8196,13318,12013,13231,24960,35444,49893,36637,48849,47695
2020,15_CA,2536,1431,3121,3149,3358,5803,8845,14356,16751,25781,54523
2020,15_FL,12860,10378,14434,15599,16936,36827,51062,67883,45024,46729,43731
2020,15_IL,5618,5077,7922,10167,9203,18940,26225,35729,24801,26076,13902
2020,15_NY,27423,30104,41042,30779,24863,43666,58594,70892,44587,46120,30315
2020,15_OH,5479,5941,6764,8413,8109,17568,25637,41783,30104,37377,30925
2020,15_PA,9302,10771,15916,18005,18634,35411,46529,64922,43500,44287,25429
2020,15_TX,3386,6473,6862,6308,6928,10114,12754,14608,8014,9574,5121
2020,16_CA,7961,3953,8503,7272,7244,15737,22280,41632,36524,71201,215720
2020,16_FL,4971,3901,6669,7856,7567,18326,26352,33766,24437,30238,24564
2020,16_IL,2203,2265,4524,4565,4405,10036,15133,22986,17101,20783,14853
2020,16_NY,7182,6113,8831,7988,9195,16162,22119,33145,28422,41882,78815
2020,16_PA,7712,9492,13083,15085,15835,29823,38840,53962,38462,43786,31384
2020,16_TX,10057,13182,14875,16344,14643,28203,36911,49287,29217,31181,18145
2020,17_CA,597,489,695,506,964,1716,2415,4279,4190,10052,25926
2020,17_FL,8203,5489,11171,12902,12506,29039,42859,58364,39158,42436,37396
2020,17_IL,18525,14036,19819,21836,23066,42287,56694,81018,55597,61230,41272
2020,17_NY,4244,2879,5365,6610,6117,12452,17007,27962,24828,42946,79758
2020,17_PA,4510,4395,7011,7951,8664,16809,24665,37055,26550,34236,32410
2020,17_TX,7820,7922,10784,12069,11625,22668,28679,37029,25515,31006,26040
2020,18_CA,7090,5852,12484,12034,12396,24414,37731,60158,53517,80294,136050
2020,18_FL,12882,10427,18724,20222,22296,43370,56925,69080,41156,40185,26485
2020,18_NY,5565,4140,9261,8234,7695,16553,24440,35270,31536,46620,52280
2020,18_TX,14378,14086,18407,20879,21347,44935,55991,67392,42808,46462,37680
2020,19_CA,2524,2019,2844,2878,3094,5595,8645,12476,12108,15767,26381
2020,19_FL,12623,6938,12177,14431,16229,35986,50702,72201,51794,55283,58740
2020,19_NY,12064,10972,17585,17899,17114,33038,43934,63858,45872,50917,41200
2020,19_TX,8904,8958,13110,11746,12784,24687,33211,41865,29657,31805,20951
2020,2_AL,14763,15057,20593,20011,17951,34073,44003,57300,36828,40129,24495
2020,2_AR,8516,6060,9097,10365,11890,22976,28197,36851,24104,29062,24151
2020,2_AZ,18896,14301,17906,19699,21300,40587,57384,82297,53306,55465,33395
2020,2_CA,10620,7557,16367,14631,14206,30256,41795,63480,52121,72147,105930
2020,2_CO,11343,8137,11123,11956,13495,27408,39382,64343,55414,76458,87748
2020,2_CT,6559,5053,8568,8264,9775,18789,28807,47397,39546,55186,62123
2020,2_FL,12479,10748,13897,15721,14913,31143,40629,52776,34816,34410,25306
2020,2_GA,11150,10964,13159,13106,13285,24628,29386,36574,23310,23676,14051
2020,2_HI,5743,5291,6150,5996,6922,14158,19716,31696,28445,39131,40323
2020,2_IA,8138,8779,13572,15231,15635,33448,47987,68789,52498,55378,35377
2020,2_ID,7074,5968,10760,12121,13619,25438,35838,51965,32019,34776,22416
2020,2_IL,26628,19558,22883,22842,23337,41423,53036,73804,50792,59023,36072
2020,2_IN,11101,6984,12244,15320,15318,30601,43882,61231,42534,44513,24222
2020,2_KS,12301,12417,17876,20147,19993,39608,56006,74595,50106,51331,30315
2020,2_KY,9909,11808,16625,15095,17897,35340,50557,65823,46518,46852,26120
2020,2_LA,26399,22822,27492,28243,30272,51462,58955,82208,54726,63824,52886
2020,2_MA,6756,6057,10723,9563,9208,17944,25936,37765,31118,45850,58715
2020,2_MD,8469,6247,7232,9534,10053,22327,36074,57321,48185,73271,89654
2020,2_ME,7908,9840,17132,16522,17858,30736,41551,55075,37015,36662,21220
2020,2_MI,5103,5846,9434,9723,10660,20569,28111,39002,25609,23103,11869
2020,2_MN,2978,2083,3610,4153,4957,11730,20349,32904,31529,48061,54117
2020,2_MO,4445,3520,5443,8044,8762,17397,30108,44536,36523,48271,60603
2020,2_MS,18595,22208,26781,25226,22735,41536,49077,57560,36121,33578,25724
2020,2_MT,6233,6340,10659,10176,11920,24744,31551,43498,29912,33594,23164
2020,2_NC,2194,1153,3016,3221,3582,8766,15098,20484,15948,22353,30415
2020,2_NE,8493,6387,9838,10567,11393,24770,37870,56204,44898,54060,46137
2020,2_NH,5556,5671,8894,9878,11071,23071,30927,50410,42819,57543,55907
2020,2_NJ,7726,7481,11258,11466,12594,22100,31876,46225,38089,50491,44734
2020,2_NM,6955,8143,10319,10240,10343,17080,18896,25144,14621,16725,8165
2020,2_NV,7428,5617,10468,10766,13990,24840,36456,55663,42473,50332,39874
2020,2_NY,3198,2304,4296,4355,4844,9478,13725,22724,23731,39187,55634
2020,2_OH,7555,10397,12829,13974,13236,23464,31504,41848,30664,29541,14949
2020,2_OK,13393,14241,22472,22726,26482,44556,55876,73214,46738,46799,26301
2020,2_OR,8272,9987,13299,14941,15133,28026,38469,52938,34550,33926,21999
2020,2_PA,11031,12255,13492,13981,12358,24332,31742,39753,26659,28507,18629
2020,2_RI,7359,6479,12207,10242,9901,19035,27070,40750,34723,47895,37482
2020,2_SC,5637,4479,8407,6896,8354,15590,22161,31094,22265,24220,16369
2020,2_TN,7636,6173,9633,10604,10657,20949,28954,39192,27362,28603,24221
2020,2_TX,10276,7888,10562,12876,14346,31413,44494,69674,57071,77687,86151
2020,2_UT,7967,7464,13795,13066,14272,32755,53288,82289,64310,78958,55195
2020,2_VA,6322,5714,7465,8544,11414,21227,36564,58759,46996,65390,53932
2020,2_WA,4629,5236,6582,6954,6346,15094,22110,36505,28324,32820,26432
2020,2_WI,5585,4881,7617,7683,8644,18019,28607,43522,34948,44877,39869
2020,2_WV,11721,13056,17823,19335,19051,36304,49556,65244,43764,48098,29757
2020,20_CA,4163,3579,6083,5393,6833,12943,15108,22922,18041,20946,17363
2020,20_FL,13137,10640,17273,19699,19011,39464,56640,74979,46541,53335,52870
2020,20_NY,6015,6005,10234,9007,9743,19463,29485,44623,35539,49427,44735
2020,20_TX,11491,8918,13156,12390,15899,30012,43798,62407,40905,47317,37652
2020,21_CA,2485,2398,5107,4101,4630,6519,7076,7706,4380,3917,1605
2020,21_FL,10004,6584,11197,10526,13814,26036,37231,49621,33198,37070,33131
2020,21_NY,8328,8535,15460,15994,15624,31836,42386,60944,43831,52158,32836
2020,21_TX,1858,1381,2221,2548,3458,7176,10997,17431,14113,16326,14217
2020,22_CA,12064,9888,19880,17970,18999,36689,48701,61798,44311,44639,31223
2020,22_FL,9212,6827,11238,13533,14628,28305,39904,53440,39448,45103,49157
2020,22_NY,9624,7812,12704,14462,12603,24978,35319,51939,36644,44764,31398
2020,22_TX,1278,932,1865,1189,1176,2412,3289,4175,3591,3739,4336
2020,23_CA,14476,10432,19727,16495,18573,36705,53702,68754,49215,54007,39412
2020,23_FL,4468,2155,4273,4070,4655,9889,14703,18044,13644,16859,20166
2020,23_NY,6859,7961,13844,12999,14769,26469,35869,50603,37789,41462,29417
2020,23_TX,5171,7584,9700,8114,8305,16091,20488,30716,22838,28279,28549
2020,24_CA,6702,5000,8261,7447,7814,16097,26886,39897,32453,44995,50675
2020,24_FL,11530,13448,14887,15614,15874,29202,36168,41921,25793,25442,24893
2020,24_NY,10977,10263,17014,17962,20719,39314,58867,82735,63657,72838,51814
2020,24_TX,11353,7619,12271,13999,18576,37593,58137,84884,58639,74721,98855
2020,25_CA,12332,6943,15209,14785,16217,25571,35030,41711,28446,32844,26660
2020,25_FL,13618,10287,10785,11512,13721,29266,44763,59032,47041,57819,59985
2020,25_NY,8369,8962,12781,12831,12788,24040,31277,44110,31043,37709,25276
2020,25_TX,11617,8439,15770,17074,18248,37071,53674,77318,54348,61922,44520
2020,26_CA,4775,3924,6589,6619,7362,16270,25114,37161,36129,48510,62878
2020,26_FL,5379,6305,6941,6764,7723,14607,19480,27317,15731,16112,11051
2020,26_NY,15117,12054,19669,17462,18294,33952,43917,60913,43367,47333,35443
2020,26_TX,7353,4903,7376,8599,9241,23370,38943,60335,51820,74567,108866
2020,27_CA,5852,3727,8349,7143,7931,16143,24355,37965,33511,48798,59363
2020,27_FL,15450,18755,21328,20311,19653,39908,49165,71013,49547,59744,65703
2020,27_TX,8881,10238,14371,14055,14130,27829,36141,50306,34142,40254,27628
2020,28_CA,9100,5831,9914,9879,10984,19587,30338,52097,42255,60498,66709
2020,28_FL,3588,3997,4910,4660,5428,11420,14990,22977,18876,21215,17777
2020,28_TX,15614,18390,20647,21282,21047,40955,53883,75975,52059,56414,37225
2020,29_CA,4223,3078,6823,6025,5684,12166,17056,22861,17143,20731,20475
2020,29_TX,922,1136,1399,1510,1995,3746,3053,4840,1773,1315,485
2020,3_AL,13068,10488,14027,15101,13519,28345,31293,44987,28499,30492,17606
2020,3_AR,7717,6970,9722,11392,13268,26366,33848,47680,32554,34947,28960
2020,3_AZ,4033,3479,5191,4675,4861,10934,14407,17163,9586,9304,5146
2020,3_CA,10293,6274,14522,13428,14893,29012,41756,67270,55633,76628,90301
2020,3_CO,8580,8849,14212,13795,14093,26962,38742,51434,35639,37329,25888
2020,3_CT,6633,5659,8168,7858,9277,16445,22191,36206,26434,37955,43795
2020,3_FL,15824,13115,18123,19885,20664,37979,54556,64940,38114,36823,25226
2020,3_GA,6107,5401,7378,8123,7860,16018,21360,31928,23237,29793,24121
2020,3_IA,5198,4758,8998,8851,9036,20984,30211,46672,34491,42748,33803
2020,3_IL,14350,12021,16224,17164,19509,36997,54009,84470,70453,95126,113998
2020,3_IN,5622,5802,10201,12586,12423,26460,38003,53973,37067,35860,20288
2020,3_KS,4759,3324,6051,6181,7418,17596,27320,44271,39538,52626,60948
2020,3_KY,7904,10012,11781,12388,10396,23886,31727,40838,26159,27835,20765
2020,3_LA,12771,13254,15519,16909,20608,32719,40084,51573,37416,41057,29183
2020,3_MA,6087,6360,11912,9173,9487,19105,27585,41129,35105,52200,63343
2020,3_MD,4942,2754,4232,5417,4943,11135,19889,35499,36685,60680,89855
2020,3_MI,9417,10187,13211,16372,20933,36035,55390,83901,61858,71381,49513
2020,3_MN,3735,3223,5213,5671,6495,14501,24391,41048,36634,58550,81324
2020,3_MO,8653,8956,12817,13901,15981,31635,48931,69689,54530,67048,50921
2020,3_MS,13645,14076,19924,17844,17468,29824,34770,45028,29830,31213,20715
2020,3_NC,13904,14810,22793,20968,21364,46727,59327,75026,50181,48652,26862
2020,3_NE,7504,8518,13758,13719,14796,30410,43623,60661,42231,42741,23417
2020,3_NJ,7635,6143,9364,11465,12835,22583,34168,55390,49226,71682,106412
2020,3_NM,13723,13793,19022,17615,18100,33640,44739,61162,41416,45716,35105
2020,3_NV,16625,9235,13277,17720,17845,42093,64417,88551,66967,75642,67372
2020,3_NY,3345,2089,3012,2855,3279,6747,8305,15635,14906,26508,62008
2020,3_OH,12387,11945,14325,15495,15792,34731,51645,68001,48430,55773,49766
2020,3_OK,11312,10163,15206,15128,17284,31435,41069,53327,33525,33346,17217
2020,3_OR,4589,4857,6857,6630,7388,14764,21630,32430,22387,30248,25518
2020,3_PA,25815,22882,22944,20193,18233,34635,44299,57702,41279,41785,45298
2020,3_SC,10401,8353,14300,14618,13390,28154,35562,43211,28989,30707,19267
2020,3_TN,11970,12562,20380,19849,19232,41151,53331,70133,47763,51187,34496
2020,3_TX,7016,5085,6539,7821,8929,20375,31524,54542,50406,77544,96494
2020,3_UT,2970,2602,4003,4690,5161,10397,14888,24090,18334,21872,19140
2020,3_VA,11511,8920,11324,12111,13484,26557,37710,53450,33848,34769,21099
2020,3_WA,7522,6653,10536,10863,13283,24618,40083,62162,48089,62075,48093
2020,3_WI,8060,7823,16106,16107,16291,32756,48142,71183,50761,55180,30389
2020,30_CA,4310,4118,10137,6795,5787,10450,12735,21417,15415,20985,21899
2020,30_TX,16732,13282,17608,16874,19702,40142,53993,74670,50887,54312,40178
2020,31_CA,2288,1903,4287,4363,4817,8358,11906,18579,15615,18828,17412
2020,31_TX,2849,3035,4258,4664,4954,9931,15733,25051,20973,27354,21915
2020,32_CA,18032,9967,21966,17188,17964,34255,50329,77948,63616,95852,156323
2020,32_TX,402,348,436,597,809,2215,2120,4325,3374,4700,5582
2020,33_CA,2233,2491,5491,4669,5138,9848,13311,20627,13722,13340,6689
2020,33_TX,1203,879,1243,1300,1714,3934,6541,8107,4739,4779,2703
2020,34_CA,18731,13723,28292,21181,22174,40600,53510,70046,46769,56203,57797
2020,34_TX,14087,18909,22447,22259,19145,35313,41612,54086,32224,34912,19555
2020,35_CA,2466,1418,3248,3454,4117,6986,11454,19519,16497,21249,22057
2020,35_TX,8901,6615,9300,8277,10065,21857,29884,41381,29234,32967,23058
2020,36_CA,3531,1104,3212,2871,2597,5032,6707,11952,11985,19912,44438
2020,36_TX,5504,5296,8823,8802,9787,18802,25360,35642,25722,33223,27891
2020,37_CA,9085,6241,10458,8010,10994,17546,25457,35248,27479,33876,42051
2020,37_TX,12811,8614,10480,10134,12082,28136,44531,72898,58560,90258,110209
2020,38_CA,8915,5117,9785,10345,11438,23634,35426,57941,49533,71563,71901
2020,38_TX,96,393,207,161,293,619,1008,1454,1584,1706,1618
2020,39_CA,8197,5765,9532,9628,11410,24891,36290,58914,46175,64069,60521
2020,4_AL,9793,12021,17798,18588,17614,33300,41602,51881,33126,31691,16930
2020,4_AR,12618,13143,21015,20901,21497,39193,48098,61789,37450,34582,18883
2020,4_AZ,14535,9194,14745,15872,18287,36772,57359,82244,57125,69155,56373
2020,4_CA,6977,5000,9067,6437,8627,16423,25053,40380,33572,46508,55532
2020,4_CO,2573,2057,3330,2983,3804,8625,12329,20323,18404,28910,38415
2020,4_CT,6779,6272,8903,9057,8569,17603,25534,38797,29789,47135,98395
2020,4_FL,9937,7921,10552,9941,13003,24888,33853,48052,33961,34015,23116
2020,4_GA,3401,1821,3014,3798,3824,8671,12670,17650,12138,13572,10924
2020,4_IA,9050,8457,14228,15196,15250,31571,42763,63299,47431,49592,28273
2020,4_IL,10685,8427,10761,12421,15672,26272,31922,41359,30752,31825,24446
2020,4_IN,9945,8283,12835,15021,16903,33856,46919,69669,52051,59859,39616
2020,4_KS,8833,8050,12664,13340,13751,29944,40571,53719,37886,41761,26342
2020,4_KY,10854,10285,14577,15764,15447,33364,44593,67402,52768,63663,51640
2020,4_LA,14071,16198,22275,22013,23822,34760,41204,48490,31437,33259,22352
2020,4_MA,7928,6243,11485,10022,10239,18937,26444,42583,38886,59482,94701
2020,4_MD,7700,5392,6108,6330,7034,17641,27126,52034,43784,62868,64511
2020,4_MI,4268,4834,6449,7214,7512,15948,20493,25835,19414,20922,15473
2020,4_MN,5967,5502,8408,8798,8785,19280,27139,42095,30233,41913,40587
2020,4_MO,5933,6954,11501,12287,13229,26248,37359,51688,35714,42566,25387
2020,4_MS,8355,7644,12742,13544,11351,22984,30705,40908,26741,28307,16416
2020,4_NC,7829,6357,8998,8695,10434,22818,31726,44234,34279,43365,43644
2020,4_NJ,3560,2931,4928,5749,6689,14309,19387,27193,22157,33932,37203
2020,4_NV,2603,2060,2934,3525,4692,10084,15846,22406,18928,22171,13072
2020,4_NY,4096,3614,5642,6080,7149,13118,20457,33724,33323,57205,106533
2020,4_OH,5073,5549,7871,8405,9969,18646,26492,39935,27125,28500,18102
2020,4_OK,6401,6428,8642,9118,11127,20275,30298,41567,30506,33438,20412
2020,4_OR,9452,8943,13824,14391,15028,28573,37148,50872,34170,35330,23490
2020,4_PA,3257,2080,3719,4619,5705,10184,15920,26857,24222,35241,44734
2020,4_SC,10720,9995,13286,14128,14095,32766,43683,60911,43264,45026,37678
2020,4_TN,7193,6853,10700,11403,11641,23981,35357,46078,30185,31095,17799
2020,4_TX,4136,4229,6049,5635,5407,11036,15464,21817,14486,15751,12106
2020,4_UT,4413,3596,4820,6256,6835,15736,27801,49556,42589,59248,51074
2020,4_VA,6875,6434,10293,9921,8605,18753,27536,36968,24932,27817,17384
2020,4_WA,5906,7020,10343,11448,11656,24661,36734,53911,36526,39760,29363
2020,4_WI,13355,11319,19062,15629,16003,28465,36778,45862,28733,28790,18048
2020,40_CA,1315,549,1345,1178,1586,3555,5139,10265,7802,13911,24829
2020,41_CA,1357,961,1364,1707,1625,2997,5222,7398,6252,10261,11107
2020,42_CA,4103,2412,5802,4867,5220,10648,15132,23154,18159,19303,18541
2020,43_CA,11285,7725,16618,11570,13520,26378,35247,50568,36975,47824,49512
2020,44_CA,11191,8542,18343,16921,17477,35221,47826,69191,51743,62525,56905
2020,45_CA,1362,1089,1360,1606,2193,4459,6462,10948,9070,16323,23662
2020,46_CA,7044,5442,10245,8629,9226,20280,29592,47871,36831,49989,45832
2020,47_CA,13139,6190,10908,9854,11187,23028,33168,55220,52639,80266,122315
2020,48_CA,13381,8944,16957,18179,18012,37750,55077,92085,75524,109463,123446
2020,49_CA,9134,4466,7136,7302,10001,19529,28412,47448,42568,68240,121769
2020,5_AL,6636,5866,10460,11002,10234,21552,27581,36276,28686,34164,32011
2020,5_AZ,5356,2553,4560,6021,6389,15186,23337,40310,34149,48160,48673
2020,5_CA,10699,8393,18662,17068,18947,37119,52948,76322,56527,69219,62476
2020,5_CO,7065,5089,8784,8991,10111,21088,31853,51481,38556,48395,42226
2020,5_CT,7389,6554,10680,9992,11946,21461,32511,47636,37752,54104,62257
2020,5_FL,8906,5204,8112,9045,10918,23926,38196,53936,40034,48722,50502
2020,5_GA,15961,13379,14092,16725,14132,29649,39241,56756,40464,50930,80192
2020,5_IL,3498,2567,2452,1598,2129,4307,7022,14345,13279,17664,36981
2020,5_IN,9252,7522,10269,11684,13745,27921,36816,57926,40514,51988,52342
2020,5_KY,19718,24760,26856,24057,22977,39194,45144,55582,33725,28910,12796
2020,5_LA,14784,16678,20309,19248,21548,32092,39166,47127,30798,36329,22826
2020,5_MA,8772,6667,11584,10038,8905,18164,26901,43860,40396,65912,119120
2020,5_MD,2868,1921,2782,3368,2885,7429,12578,22742,23005,40939,50794
2020,5_MI,9145,11094,15745,16767,17826,38663,51411,71940,49877,51178,32193
2020,5_MN,11180,8816,14614,12720,13599,27056,42999,63147,48974,61063,61115
2020,5_MO,8904,8360,11514,12592,11766,24527,32094,38965,26512,27784,18772
2020,5_NC,7361,8668,11582,12528,11452,24444,31949,38850,28787,26906,20168
2020,5_NJ,5062,3464,5858,6309,7011,14249,18334,32739,32133,53496,96482
2020,5_NY,7643,6653,9699,8511,9528,18260,27346,41587,35820,46988,49079
2020,5_OH,9881,9463,13677,14191,16239,33702,48009,66776,47633,52018,31762
2020,5_OK,13418,11052,16531,15672,22001,37362,53665,71873,50447,56511,47164
2020,5_OR,7711,6164,9927,9425,10399,23674,34803,55170,43587,52574,49000
2020,5_PA,7251,5364,8220,7439,9186,20129,27107,38887,31534,43312,52854
2020,5_SC,8942,6237,11340,11365,11655,22092,27852,41251,28134,33647,25558
2020,5_TN,9177,7043,11140,12113,12623,29156,46511,69531,52779,63996,61034
2020,5_TX,7203,8152,11606,11871,12569,27566,39135,55698,38526,47612,29627
2020,5_VA,9571,8102,13787,12471,13719,25546,34967,48347,38157,44577,43971
2020,5_WA,8464,9243,11794,11473,12939,26820,38608,50527,36503,39018,29612
2020,5_WI,3041,1736,4137,5331,6134,12529,18804,29660,26208,37370,40268
2020,50_CA,7179,5001,10084,7481,9498,19050,25730,43167,31660,47199,65497
2020,51_CA,2409,1415,2722,2282,2715,6493,8654,16237,16218,23084,26755
2020,52_CA,3527,2697,6698,5372,5852,11812,15822,25060,18193,25103,19609
2020,6_AL,14144,13479,16740,16889,18808,36859,49700,71093,50081,61799,51909
2020,6_AZ,14243,13857,20633,21787,21966,41629,59309,76525,52366,55934,42744
2020,6_CA,6502,5106,9844,8208,8882,19926,27097,39724,28889,36455,27928
2020,6_CO,8636,6342,10214,10677,11953,27582,45154,72345,56637,81777,83449
2020,6_FL,10454,7666,14159,13514,14739,31269,41306,54196,33264,34750,22064
2020,6_GA,4945,3703,5485,5773,7290,14823,24720,39251,34872,50669,69924
2020,6_IL,10810,7062,10691,12835,14953,28588,37975,53969,41195,56575,52859
2020,6_IN,6748,6217,10663,11733,13983,27350,38529,54971,36985,40511,23647
2020,6_KY,7464,9260,10451,10457,10832,23574,30891,42397,31125,35725,27578
2020,6_LA,3373,2339,3076,3803,6139,10237,16501,22534,18827,24740,22454
2020,6_MA,6178,5322,9946,8814,7864,15313,21441,35572,32960,49139,80350
2020,6_MD,5831,6233,7489,7682,9086,18124,27163,43282,36270,53222,64416
2020,6_MI,9668,7764,10265,11008,12381,26137,38510,59550,48083,65699,76563
2020,6_MN,3159,3117,5157,5192,5892,13576,21142,32880,30443,40903,31305
2020,6_MO,9545,8353,13590,15098,15642,33691,43440,62805,47806,50013,31868
2020,6_NC,14494,13873,21885,22088,21322,42900,57893,71937,49097,52962,35760
2020,6_NJ,8240,7267,9213,9857,10710,20711,28271,47519,41386,61327,75727
2020,6_NY,7399,6925,9773,11103,11113,22112,29340,40251,30682,36683,31477
2020,6_OH,9360,10372,14619,14655,15726,30059,37125,47444,32649,29972,15239
2020,6_OR,8807,8084,12314,12964,14530,31546,46095,73306,55889,75560,69234
2020,6_PA,6537,6128,8093,8778,9840,22223,28636,48860,39403,60151,86848
2020,6_SC,26722,22872,27560,26982,29085,57310,76154,99304,65963,67604,51453
2020,6_TN,5535,5899,9532,9620,8692,18238,24206,30949,21133,21828,14774
2020,6_TX,3178,3166,5229,5161,5837,12257,15787,20224,14385,17867,11072
2020,6_VA,8546,8395,13875,14963,16020,29393,44489,62834,44573,49721,34545
2020,6_WA,9482,9167,13530,13266,14925,30412,47670,70928,54789,67068,54272
2020,6_WI,9440,6213,15579,16434,18824,40119,58148,85883,65697,75989,48005
2020,7_AL,9456,10749,13444,11265,10976,19758,22554,27662,17335,19307,10429
2020,7_AZ,2564,1886,2717,2287,3373,7123,9185,11414,7718,6724,3164
2020,7_CA,5647,4548,9634,7246,7280,14942,20709,33498,24968,32948,30190
2020,7_CO,4436,4015,6029,6566,7187,13413,22034,35545,28215,38798,38912
2020,7_FL,7222,3621,5810,7992,8843,18798,25882,36387,29093,33466,28643
2020,7_GA,9223,5793,9911,10920,13306,32183,46373,73537,55714,73754,80196
2020,7_IL,5081,4113,4197,3702,3514,6069,7352,11466,9655,14487,22633
2020,7_IN,12346,8622,9979,10821,9935,21271,28137,32668,18080,17320,13474
2020,7_MA,4461,5014,5787,3862,4141,6818,8118,12769,10871,15702,21041
2020,7_MD,14306,14848,16082,15169,12596,25982,36948,50511,33200,39178,30027
2020,7_MI,6846,7209,8568,9085,11656,22175,31814,45527,34213,39306,31925
2020,7_MN,5014,6022,11183,10579,11266,20510,31275,45861,34831,36628,20194
2020,7_MO,9104,11549,17131,16085,18494,35858,47931,62357,38785,35424,20400
2020,7_NC,19343,16152,23624,20467,25480,43543,57057,75967,49484,49796,33133
2020,7_NJ,4140,2513,4774,5404,6852,11601,17480,33405,31842,52428,98167
2020,7_NY,27597,20668,27758,23265,22828,41757,55653,81647,69628,90585,119556
2020,7_OH,2567,1880,3719,4129,5486,10745,17273,28024,21930,29794,28243
2020,7_PA,4979,6253,8566,11067,10578,22431,31750,45165,35324,44825,37666
2020,7_SC,12028,9770,14660,15179,17390,30295,39614,51111,29630,30216,18312
2020,7_TN,11036,9869,13489,14840,14963,31462,47515,64364,46432,49736,37457
2020,7_TX,12697,7992,11184,12343,13497,27419,43263,63293,47544,68325,112004
2020,7_VA,4469,4076,6419,7080,8207,16455,28801,49602,44935,66812,81134
2020,7_WA,7017,5393,8527,6381,7631,14348,22876,39255,32742,53808,88337
2020,7_WI,5576,5263,11914,11706,11980,25285,34674,48279,36372,36202,21299
2020,8_AZ,4460,3554,4422,5164,6359,13036,18745,26681,20040,23748,16614
2020,8_CA,3254,1728,3952,3582,3135,8411,11951,18530,15188,19962,20262
2020,8_CO,3732,3282,4791,5623,6148,14263,22516,38584,30915,40892,31259
2020,8_FL,8029,5843,12362,13776,14064,29250,40515,55925,35577,42687,34751
2020,8_GA,24860,17362,25440,24141,23645,45175,51209,65616,45179,47369,27125
2020,8_IL,8716,5874,9014,10313,12224,25574,39622,66189,58649,82850,94148
2020,8_IN,8275,9030,14061,14217,15535,30530,41129,55003,39334,37986,21904
2020,8_MA,13318,11836,19618,14716,14418,22299,35809,55247,50086,78045,109835
2020,8_MD,4618,4309,5124,5885,5599,13269,18622,33341,31758,50699,103749
2020,8_MI,13513,14607,18471,17969,20745,41712,54722,71138,42490,46202,31368
2020,8_MN,8482,9255,15462,14162,16642,31730,46809,68758,51336,63886,41427
2020,8_MO,11766,14735,20115,19641,20552,38592,50921,64939,43944,43018,22085
2020,8_NC,6043,4884,9036,10223,10256,21189,30031,41470,32151,35100,30109
2020,8_NJ,4071,5246,6120,6304,6012,11067,17309,23592,17268,19965,30943
2020,8_NY,12252,12778,20672,14766,13540,22526,30843,38684,29786,38695,38347
2020,8_OH,5192,4585,6294,8818,9129,17593,26885,41328,30923,33610,21368
2020,8_PA,8071,7225,12864,13620,13544,26457,34580,48815,35768,36619,23696
2020,8_TN,8295,9131,13421,12889,12639,24918,29018,37374,22799,20702,10532
2020,8_TX,7101,5141,6537,7308,9254,20981,32411,53505,39507,58613,54234
2020,8_VA,6373,5299,5973,5784,7864,15772,24694,45171,44813,71448,133690
2020,8_WA,1897,1836,2727,3218,3914,6609,10120,15544,14015,22486,36586
2020,8_WI,5605,4110,9586,10588,10905,22863,33491,50240,36888,42242,24591
2020,9_AZ,14379,11530,16944,19379,22296,45085,65626,92937,67523,68348,42217
2020,9_CA,8143,5411,10072,10739,11911,23146,30690,48969,37862,52552,54741
2020,9_FL,3797,3329,4956,6109,6335,14217,22816,32457,20441,21764,14536
2020,9_GA,7802,6553,12463,12502,12252,23225,34914,47778,35519,38476,28453
2020,9_IL,7712,7748,9270,7515,8488,17599,24926,36565,26211,36160,47833
2020,9_IN,10545,9516,15690,16219,16702,32628,46335,67239,48648,50695,30073
2020,9_MA,6392,5211,10046,10073,9697,21441,30024,46404,38637,56217,66011
2020,9_MI,6855,6870,10058,10959,12458,26774,40276,56890,46534,61848,56546
2020,9_NC,10647,10543,15332,16314,15645,31810,42723,61445,43885,49781,51207
2020,9_NJ,7507,6942,10174,11435,10661,20698,28059,41045,32189,44553,52749
2020,9_NY,4409,4055,6884,4594,4731,11003,14250,20674,15050,17474,16713
2020,9_OH,12716,14047,17400,17051,19754,38045,52732,71599,46951,51929,32718
2020,9_PA,9940,10340,17126,19231,19644,39328,51409,73032,54027,56102,34161
2020,9_TN,18514,13375,21362,19546,19604,38742,50178,65264,41536,48528,44198
2020,9_TX,18247,15176,19934,23043,24495,50410,64299,89580,60748,69223,68386
2020,9_VA,13696,13743,20644,19571,20232,35973,47278,62655,39735,37685,22486
2020,9_WA,9308,9421,11681,11364,11803,25495,41365,70175,55770,84301,112850
2021,0_AK,6479,4165,7170,8743,7393,16199,25524,45925,35821,50022,53119
2021,0_DC,15331,10385,11103,8879,6961,16966,21214,37968,35005,49276,97016
2021,0_DE,11280,7403,12466,11838,13579,30231,43593,66273,53728,67002,65188
2021,0_ND,8675,8239,11963,11556,13032,26348,36534,56280,44052,56675,44150
2021,0_PR,168882,130319,137111,121587,96820,151568,143969,127706,55027,38617,25184
2021,0_SD,8738,7131,13222,12760,14660,31472,43706,62607,50368,56426,36946
2021,0_VT,6117,4702,12115,9917,10502,21892,30739,46717,36387,45741,37685
2021,0_WY,5334,5102,7506,8046,8015,18242,23263,38455,30327,37949,27600
2021,1_AL,10174,7594,12868,13186,11845,25220,35384,44362,31406,35032,26730
2021,1_AR,14073,14858,24975,23055,23214,41551,53918,65901,40908,40311,24375
2021,1_AZ,10384,5768,9832,12003,13599,27315,43118,60374,47721,63621,88375
2021,1_CA,8809,5868,14003,11076,12315,23950,32990,44480,33271,38312,32504
2021,1_CO,6838,5947,8030,6393,7708,15793,23673,39693,28457,40226,54844
2021,1_CT,9096,7194,11056,9142,9335,20353,27987,42395,36944,50581,53934
2021,1_FL,8621,6541,10541,11623,12610,28774,38904,57239,41974,50993,38764
2021,1_GA,10920,8311,12654,13041,13836,27574,36114,53453,37677,42350,31747
2021,1_HI,6764,4901,6358,5716,6984,14831,25124,41417,37557,54753,70074
2021,1_IA,9354,8589,14045,13757,15072,29643,44925,63877,47779,58916,43488
2021,1_ID,11107,6981,14201,15559,17026,35464,52537,83550,57295,67627,49937
2021,1_IL,2787,1304,2079,1820,1256,2773,4765,7787,6159,12451,16118
2021,1_IN,9889,6556,10787,10533,11543,24883,33011,47650,36099,46409,32479
2021,1_KS,5072,4534,8687,8639,9542,19846,29439,40073,27272,28496,17595
2021,1_KY,9798,8993,15254,11702,12771,25161,31761,41562,28062,26381,15640
2021,1_LA,6675,6222,8805,9377,8240,17505,21938,32767,26810,30870,29423
2021,1_MA,9646,8897,17368,15799,13929,29350,36447,55646,40188,55982,53130
2021,1_MD,7312,5358,7946,9016,8751,18979,27913,42243,37525,51706,54596
2021,1_ME,7133,4929,9779,10035,9620,20085,31501,49029,42219,50713,46039
2021,1_MI,10157,9480,16326,17199,17538,36710,50613,66843,46193,44362,26561
2021,1_MN,6672,5233,11645,11556,12521,25655,38010,57681,46206,57094,43155
2021,1_MO,13865,11637,16652,14081,15713,34240,41437,55791,34165,35639,26603
2021,1_MS,9532,8500,14692,14334,13711,26801,34060,45270,35820,35221,23736
2021,1_MT,6203,5740,10288,8575,10591,22229,27669,41597,27886,31730,26560
2021,1_NC,7975,7923,13345,12149,12362,18838,27435,32375,20624,20142,11640
2021,1_NE,3910,3072,4718,5771,5735,14375,19512,30493,20357,26149,19606
2021,1_NH,4703,3260,7298,7098,7071,14689,23485,39447,32462,46986,53099
2021,1_NJ,8646,5891,10797,9147,11162,21730,26497,44804,38030,56220,62716
2021,1_NM,13385,11012,16063,14938,14999,31089,40540,55188,36396,44658,32808
2021,1_NV,13440,8459,11754,11147,12039,24270,31371,42197,26658,26644,19198
2021,1_NY,7379,3710,7074,7160,7933,15093,24066,43211,38184,72149,129370
2021,1_OH,16790,14743,18628,19168,21146,40589,56520,85290,66500,89408,96930
2021,1_OK,7795,5284,7953,8380,9184,20899,28384,39364,26828,32139,30280
2021,1_OR,6359,4950,7520,6696,7331,15522,24286,36671,31434,43648,54159
2021,1_PA,6975,4261,7299,9395,9121,21456,31449,55472,48859,75022,108497
2021,1_RI,4158,3903,7454,6424,6014,12535,16017,22784,19850,27710,30149
2021,1_SC,6143,3029,4446,4944,7197,13395,20241,32034,27926,34455,38988
2021,1_TN,11699,10867,19075,21552,19642,37295,49229,61913,40306,38357,25172
2021,1_TX,7969,6690,10974,10172,10919,22918,28207,40978,29129,30015,22899
2021,1_UT,3876,3076,4867,4290,5559,14522,21448,35571,29526,37268,26577
2021,1_VA,8014,5953,8567,9698,10491,22319,34212,56420,45664,65090,65074
2021,1_WA,7203,5253,8365,8065,8756,19747,30611,59356,53999,87451,129391
2021,1_WI,9344,6891,13509,12763,16104,31830,47891,76390,57897,72960,53722
2021,1_WV,16633,16335,23485,23969,22074,40140,50489,62231,39968,40565,24524
2021,10_CA,8352,5186,9275,6263,7046,16376,24591,45859,41662,74504,167277
2021,10_FL,14636,8902,14123,13674,18168,34803,50911,69594,49041,55641,49263
2021,10_GA,9307,6630,10785,11112,11560,24553,32373,46253,32080,38668,28562
2021,10_IL,6457,3857,5823,6280,7694,16061,21477,35885,30163,47151,86141
2021,10_MI,8070,5942,10462,11623,12659,26382,38846,53140,41485,48631,34280
2021,10_NC,12598,9233,20190,19678,19923,40053,56149,71883,50759,53169,40310
2021,10_NJ,15196,12667,19325,14595,14270,29514,37551,57352,39779,52455,62151
2021,10_NY,15891,12371,20750,14848,14037,27123,34653,49981,43088,63547,137125
2021,10_OH,10725,10581,14742,14867,14459,30673,41417,56660,40434,43556,33159
2021,10_PA,8823,7440,10721,11738,14288,28576,44276,70343,55449,67790,53403
2021,10_TX,9285,7333,8621,8228,10009,18805,26411,38377,26557,37354,46986
2021,10_VA,3419,2330,2823,2738,3971,9099,16001,28327,31440,57429,134926
2021,10_WA,4264,2317,3420,4580,3973,9408,17678,31841,29927,39535,32453
2021,11_CA,9608,6637,16829,8782,9052,16165,21508,32820,29755,53840,155576
2021,11_FL,5810,5946,8562,10230,10933,25828,36226,52488,41251,45689,38211
2021,11_GA,1656,1037,1353,1121,1714,3676,5346,8713,9068,12852,19908
2021,11_IL,8770,5676,9445,10646,11602,25638,41810,71572,63144,100935,124509
2021,11_MI,7434,5812,8851,8547,9543,21622,28130,44309,38676,53759,69490
2021,11_NC,7336,7959,16034,15415,14045,31609,42064,52723,38170,39382,28119
2021,11_NJ,7463,4724,8139,7344,9479,17019,24311,42267,41363,66757,140477
2021,11_NY,6337,3938,6335,5582,4834,11657,15863,26436,20581,34612,48838
2021,11_OH,23242,21429,26466,24701,21827,45614,58899,73671,47480,48054,40828
2021,11_PA,3795,3168,6594,6937,7859,17384,24928,41787,35130,43426,33246
2021,11_TX,10635,9271,13018,12996,14703,31634,45778,62747,46026,55388,44008
2021,11_VA,2243,1522,1435,1703,1898,4137,7761,14224,16563,31050,75742
2021,12_CA,6839,5048,9053,6156,6608,12649,16115,24671,20844,29971,55563
2021,12_FL,9352,7202,13691,14380,15506,30965,40787,51671,32967,32636,21154
2021,12_GA,10154,9106,14020,14476,13183,24840,30514,43915,28019,30474,23123
2021,12_IL,10118,9453,16436,16134,16538,30752,43273,58124,44332,48548,32220
2021,12_MI,18013,16033,18104,17224,17725,34741,47735,63053,41758,46197,32726
2021,12_NC,4285,2694,4333,4498,5022,12303,21392,29802,22940,29056,30552
2021,12_NJ,3905,2929,5118,3700,4830,9023,14046,22955,21886,32639,56218
2021,12_NY,14549,12608,14482,12497,10182,18815,22022,36482,34162,54592,152625
2021,12_OH,9765,11002,15187,14952,16541,34344,48239,71024,54568,65297,51548
2021,12_PA,14235,11559,18734,16501,16300,34653,44168,60373,45388,53876,45036
2021,12_TX,11042,7754,13892,12812,15567,35499,51055,80417,63784,82878,76664
2021,13_CA,5543,3714,6693,5993,6297,13156,18206,24996,17207,19999,14809
2021,13_FL,9343,5432,10098,11398,13254,25058,35213,46669,33424,39692,36028
2021,13_GA,11677,8331,11968,13733,16381,35576,51580,79741,58384,62820,49250
2021,13_IL,17868,12833,17797,16964,18865,35797,49770,71116,52560,62499,51738
2021,13_MI,14509,14673,16129,13563,13078,26742,32261,37492,23470,23574,18560
2021,13_NC,7224,5097,9339,8591,11184,23216,31007,48391,36284,51897,39817
2021,13_NY,7857,8999,12635,8178,6957,12781,16498,24754,18264,20843,21977
2021,13_OH,12913,12067,17114,17572,19993,38958,53194,76400,56462,65866,53637
2021,13_PA,6005,5654,10811,12069,10591,23473,33979,46336,34260,39232,20650
2021,13_TX,8275,6065,10135,12068,11468,24901,32380,42007,30888,33495,22900
2021,14_CA,4394,2284,5155,4569,5005,9745,14104,25717,26031,44453,91469
2021,14_FL,13936,8107,14233,14315,13886,31164,44731,61082,46958,52919,55692
2021,14_GA,10507,9075,14594,16049,15768,37437,52299,74821,56911,66189,54359
2021,14_IL,7211,4335,6243,6674,8195,17549,23559,40243,32673,45045,39184
2021,14_NC,8857,5945,11497,11030,12036,27103,38205,56984,39879,52078,62312
2021,14_NY,5057,4134,6572,4660,4924,7735,10335,13902,10515,16308,15677
2021,14_OH,7684,6825,11770,11947,13346,27502,37945,54363,39530,45367,31678
2021,14_PA,11104,10339,19336,19920,19709,39183,53747,75748,57534,70480,55472
2021,14_TX,10118,7206,12478,11229,11988,23708,33826,50079,38768,51990,52850
2021,15_CA,2780,1553,2924,2905,3186,5607,8905,13511,15144,25299,59476
2021,15_FL,13860,8608,14634,14582,14963,35942,48311,67846,45591,52758,51237
2021,15_IL,5343,4671,7296,8775,8855,17099,24910,34468,24383,27650,15465
2021,15_NY,28692,27173,42039,28266,25733,44193,58347,73124,46939,48984,35767
2021,15_OH,4985,4545,7192,7119,7830,17357,25099,40839,31338,41522,36535
2021,15_PA,8796,8768,14746,15686,17154,32639,43438,61573,43241,46008,28391
2021,15_TX,3652,5886,6835,6563,6194,10569,12384,15262,9274,10060,6290
2021,16_CA,7447,3540,7980,6162,6603,14620,21025,40334,35745,68260,231623
2021,16_FL,5091,3202,6358,6625,7904,16291,26854,34327,25538,33083,29498
2021,16_IL,2477,2028,4074,4430,4250,9311,14352,22617,16646,21267,17074
2021,16_NY,7720,5647,8835,7272,8697,15679,21732,34091,28530,43063,88442
2021,16_PA,7495,8105,13165,14397,14211,27896,36079,50207,39300,46290,35938
2021,16_TX,10773,11373,15662,15109,15590,29128,37010,52274,30296,34705,23053
2021,17_CA,899,531,697,453,824,1590,1825,3834,4329,9465,29290
2021,17_FL,8808,5321,9898,12389,12078,27095,40320,59048,42444,47128,43912
2021,17_IL,18844,13303,19766,19884,21409,41314,55792,78924,56143,65316,46729
2021,17_NY,4352,2877,5022,6276,5825,12000,15607,26470,25489,42493,85667
2021,17_PA,4278,3705,6971,7572,8074,15765,23404,35535,26219,36102,37296
2021,17_TX,8089,7107,10780,11012,10461,22275,27890,39021,27675,34674,31382
2021,18_CA,7706,5576,10999,10716,11774,23130,34692,58661,53290,81363,151610
2021,18_FL,14226,9095,18824,18823,22395,43859,54692,73853,46223,46069,32693
2021,18_NY,6156,3935,8646,7565,7987,15439,22224,35760,29940,47831,60471
2021,18_TX,14897,13078,18086,18594,20648,44664,54148,68277,43862,49346,41990
2021,19_CA,2468,1569,2523,2581,2634,5393,7796,12275,11744,16422,27817
2021,19_FL,12997,6694,11936,13538,15339,34824,49777,72041,54653,60993,66432
2021,19_NY,11960,9016,17461,16423,16079,31351,43205,61631,45837,53774,48417
2021,19_TX,8727,7899,13483,10529,12631,23666,32671,42598,30250,34530,24791
2021,2_AL,14354,12621,20014,19546,17452,33270,43934,56777,37585,42630,27631
2021,2_AR,8353,5620,8968,10227,10657,22994,28278,36284,25964,31193,27370
2021,2_AZ,18105,12488,16884,18360,19711,38108,56831,82783,54891,62100,40568
2021,2_CA,10852,6932,15640,12010,13460,28532,39566,59572,50137,73239,116620
2021,2_CO,12354,7449,10856,10967,13200,26339,39813,65368,57449,82835,103644
2021,2_CT,6789,4527,8552,8525,8595,19307,27088,44834,38948,55637,67820
2021,2_FL,11898,8794,13532,13566,14110,29082,38083,53705,34358,37238,28955
2021,2_GA,11490,8708,13075,11952,12472,23728,29304,37969,25009,25488,16842
2021,2_HI,6068,5038,5736,5787,6372,13396,18679,30490,27941,39489,44938
2021,2_IA,8136,7277,13137,14258,15331,32159,45483,68417,52617,59046,40325
2021,2_ID,6375,4083,10687,10450,11975,24152,34277,51977,33915,37960,26743
2021,2_IL,26036,18373,21857,21857,20830,40991,51642,72691,50743,62297,42461
2021,2_IN,10729,6233,11310,12924,15425,28470,41835,59400,43582,48167,30095
2021,2_KS,12435,11114,16243,17987,18711,37839,53511,72401,50656,55717,35705
2021,2_KY,10111,10345,16377,14176,16106,33535,48565,65176,47383,50294,31157
2021,2_LA,27841,22376,29316,27310,26446,48663,60171,82751,55160,67510,61342
2021,2_MA,6832,5361,10968,9824,8986,17123,25198,38527,32134,47909,67066
2021,2_MD,9482,5910,7724,8136,9743,22479,34585,58166,48137,74870,101461
2021,2_ME,8260,8291,16800,14468,15936,29943,41161,52963,37679,39647,24979
2021,2_MI,4712,4839,8528,8615,9326,19262,26516,37564,25784,25191,13376
2021,2_MN,3038,2105,3292,3680,4804,10892,18969,33141,31085,49617,62151
2021,2_MO,4898,3344,5643,7424,8188,16185,27811,44132,35219,50095,67825
2021,2_MS,17861,19500,25742,23458,21507,41336,46265,58541,36707,36584,27168
2021,2_MT,5852,5645,9927,9439,10748,23323,30173,43541,30331,35294,25575
2021,2_NC,2669,1325,2673,3038,3458,8438,14300,19152,15704,22152,33932
2021,2_NE,8583,5705,10132,9709,10629,24003,35934,56051,45410,58481,54261
2021,2_NH,5816,4554,8262,9150,10170,21534,30023,46593,41399,59136,64106
2021,2_NJ,8481,5314,12025,10606,12025,22059,30811,46802,39067,52963,51286
2021,2_NM,7094,7462,9613,9507,9888,17209,19411,24879,15115,17595,9736
2021,2_NV,7891,5593,9194,10005,11438,23994,33193,54094,42972,55907,46272
2021,2_NY,3604,2351,4034,4232,4199,8490,13108,21033,23329,40367,61640
2021,2_OH,7741,8906,12390,12655,12219,22683,30186,40837,30147,31793,17654
2021,2_OK,12469,11517,21247,19907,22253,43437,52011,70532,45278,49449,29357
2021,2_OR,8450,7966,12799,14078,13041,26297,36794,51673,35862,37352,25407
2021,2_PA,10641,11674,15120,13099,11832,23338,32410,41539,27873,32448,22452
2021,2_RI,7108,5481,12944,9462,9750,17648,26567,40855,35997,48827,44415
2021,2_SC,5288,4109,7575,6573,7340,14870,20811,31578,22844,25494,18845
2021,2_TN,7640,4737,9332,9987,9476,21075,28570,38345,26943,32821,27341
2021,2_TX,11513,7590,10545,11484,14104,30557,43697,70917,57731,81639,99615
2021,2_UT,8815,6788,13283,11653,11967,31906,48140,78123,63537,84351,66699
2021,2_VA,7202,5640,7415,8064,10265,21976,34073,58048,47390,68491,62525
2021,2_WA,4807,4284,6155,6490,6026,13790,21883,34572,28495,35324,31068
2021,2_WI,6410,4476,7327,6752,8775,17551,27816,44614,36078,46536,47202
2021,2_WV,11109,11781,18037,17800,18177,33528,46900,63628,44225,50864,34745
2021,20_CA,4431,3008,5773,4932,6070,12177,15054,23180,17990,22440,19623
2021,20_FL,14476,10034,17167,18550,18412,40102,55295,78126,50817,60695,59943
2021,20_NY,6790,5291,10053,8753,8855,18223,28064,44474,36627,53127,51972
2021,20_TX,12181,9061,13265,13338,16645,32991,46373,68693,45505,56256,48212
2021,21_CA,2693,2272,4353,4024,3909,6304,7330,8159,4651,4446,2349
2021,21_FL,9943,5906,9838,10900,12799,24624,34588,52001,35656,40701,37554
2021,21_NY,9012,7972,14313,15523,14154,29262,39322,58509,45834,54907,37423
2021,21_TX,1939,1522,2307,2381,3257,7095,11230,17923,14562,18409,18383
2021,22_CA,11923,8508,17910,16177,16892,36433,46875,62994,45861,47797,37834
2021,22_FL,9934,6448,11470,12633,14133,27780,39395,54076,40991,50660,54965
2021,22_NY,10237,7232,11807,13940,11906,23792,33646,51454,37365,46360,36295
2021,22_TX,1219,937,1683,1330,852,2606,3102,4382,3508,4566,6776
2021,23_CA,14625,9809,18952,14284,18939,35217,50656,71151,51574,61121,47227
2021,23_FL,4578,2325,3499,3904,4159,8811,13745,18449,13898,18436,21588
2021,23_NY,7307,6979,12897,11952,12791,25125,33385,50035,36745,44142,33138
2021,23_TX,5903,6052,9252,7685,7421,15534,21816,31774,23905,32672,33422
2021,24_CA,6953,4373,8135,7036,7307,15562,24623,37521,31424,45709,57363
2021,24_FL,11330,11797,14792,13779,15311,29196,35337,44908,27956,28660,28210
2021,24_NY,11441,9065,16737,17113,18837,38523,54613,83393,62139,78076,61272
2021,24_TX,11963,8332,12331,12511,16241,35213,54431,82522,59577,75893,104957
2021,25_CA,10870,6831,13216,13361,14348,24512,33370,40353,30276,35593,29758
2021,25_FL,14042,9307,12013,11038,12214,28004,43657,59251,47432,62428,68006
2021,25_NY,8563,7432,12765,11887,12311,23353,30568,44706,33111,40178,29350
2021,25_TX,11897,7984,15392,15454,16738,36958,52503,74539,55141,68317,50582
2021,26_CA,5029,3590,6242,6127,6617,15807,23620,35799,35207,50271,69221
2021,26_FL,5100,5614,6900,6289,7693,13747,18834,27337,18558,17923,14255
2021,26_NY,14864,10598,19158,16920,17649,33724,44087,63264,44285,51577,40868
2021,26_TX,7623,4717,7676,8311,8322,22191,38076,62875,52232,82533,123386
2021,27_CA,6112,3566,8278,6760,7007,15639,22704,38393,33813,51793,68741
2021,27_FL,15821,15790,22242,19326,19410,38814,48148,73585,51786,64430,75583
2021,27_TX,9681,8778,14641,12846,14647,25909,35754,49270,35965,42824,31259
2021,28_CA,8338,5585,9442,8939,10092,19422,27035,49857,41642,61269,73749
2021,28_FL,3904,4204,4753,4754,5491,12075,16195,24766,19129,22939,21421
2021,28_TX,16430,16605,21419,21512,20174,42695,54115,79964,57773,66203,45799
2021,29_CA,4379,2820,6442,5104,5730,11289,15830,22129,17300,21988,23200
2021,29_TX,834,1161,1201,1316,2003,3684,3194,4587,1936,1455,524
2021,3_AL,13735,9113,15119,13071,13335,27039,30778,42987,29335,32433,20498
2021,3_AR,7323,5303,9747,10627,11878,25877,32365,48014,32156,37476,34759
2021,3_AZ,4114,2826,4958,4440,4255,10262,13892,17225,10972,10306,6565
2021,3_CA,10887,6213,13257,12052,13592,27171,38823,66150,55039,79874,104239
2021,3_CO,8858,7741,12552,13591,12253,25604,36016,53339,36605,41431,30214
2021,3_CT,6871,5270,8288,7621,7959,16016,21137,34984,27643,39053,47215
2021,3_FL,16085,11400,17372,18725,18969,36980,53246,66838,41535,40970,31216
2021,3_GA,5933,4865,7248,7534,8087,14571,21497,30503,23922,29732,28213
2021,3_IA,5431,4387,8189,8897,8041,19508,30369,46383,35189,45270,39115
2021,3_IL,14675,10976,16456,15563,17609,36001,52135,84325,69885,98853,127676
2021,3_IN,5753,4869,9494,10892,11456,24966,36243,51941,39560,39785,23964
2021,3_KS,5322,3057,5255,5326,7415,16588,25714,43233,39400,55124,68487
2021,3_KY,8480,8517,11425,11442,10480,22851,31844,41477,26488,30751,23972
2021,3_LA,13040,11804,16860,15807,16535,31850,37806,49359,37927,43780,33886
2021,3_MA,6692,5816,12308,8749,8989,18422,28062,43394,35522,54447,71853
2021,3_MD,5533,2660,4106,4713,4553,10388,19181,34381,36909,61773,98457
2021,3_MI,9714,8477,13353,15239,18296,33998,54082,83449,64400,77206,58954
2021,3_MN,3936,2646,5343,5449,5985,13883,22961,40593,36490,59012,88780
2021,3_MO,8614,7818,12490,12356,14825,30024,45855,68071,55784,68882,59278
2021,3_MS,13398,11715,19150,16615,16235,28152,35212,44981,29732,34128,23075
2021,3_NC,14279,12691,20895,19249,20823,43432,57127,73703,50531,51570,30997
2021,3_NE,7110,7141,12993,12568,13648,27980,40131,56831,42579,45827,26417
2021,3_NJ,8116,5410,9950,10173,12087,22092,33767,53735,49599,75329,118229
2021,3_NM,13793,11887,18330,16174,16795,32509,43931,61759,41771,47082,40486
2021,3_NV,17953,8814,12803,16268,17432,39314,61325,85941,65398,78377,76977
2021,3_NY,3713,2484,2889,2755,2542,6445,7861,15170,14586,26242,65707
2021,3_OH,12325,10780,14483,15787,15064,33791,50217,70684,50282,60952,58477
2021,3_OK,11343,8351,14445,14016,14630,31913,38363,52836,33665,35730,19445
2021,3_OR,4663,4401,6753,6153,6811,13404,20691,32040,23412,31690,30152
2021,3_PA,24001,22559,25901,20278,17507,35629,44439,63518,44168,47141,53467
2021,3_SC,9663,7525,13804,13107,12941,25766,34434,43804,29956,33582,22135
2021,3_TN,12173,10538,19894,17832,17872,38621,50956,68648,50233,54864,40343
2021,3_TX,7286,4531,6257,7583,9485,19845,32901,54543,51077,81330,108857
2021,3_UT,3172,2212,3393,4179,4127,10242,13030,22203,17597,21972,20943
2021,3_VA,12326,8418,10880,12625,13476,26625,37537,55301,35715,39291,25374
2021,3_WA,7616,5901,9759,10647,11540,24023,37064,60568,49786,67058,57078
2021,3_WI,7517,6661,14910,13023,15629,32318,46017,71096,51079,58468,35745
2021,30_CA,4910,3432,10067,5896,5583,10016,12145,20269,15423,20664,25271
2021,30_TX,16608,11439,17335,15255,17480,37847,52133,76094,51656,60045,47337
2021,31_CA,2638,1823,3906,3731,4116,8265,11461,18068,14469,19964,21073
2021,31_TX,2988,2936,4027,5249,4725,9891,17209,26341,23652,29537,27324
2021,32_CA,19236,9609,19718,15868,16252,33305,46675,74830,62011,95531,163353
2021,32_TX,444,267,443,448,897,1812,2152,3476,3079,4207,5886
2021,33_CA,2121,2264,4608,4182,4289,9507,11819,20775,14770,15236,9040
2021,33_TX,1232,807,1047,1255,1559,3824,7008,8598,5437,5412,4054
2021,34_CA,18759,12627,27263,18819,19504,38419,48672,68371,49258,59121,65497
2021,34_TX,13756,17351,22468,21718,19399,35432,40672,56405,33917,38880,22720
2021,35_CA,2371,1523,2874,3365,3200,6944,10648,18411,15456,21159,25476
2021,35_TX,9379,6251,9466,9651,9707,22640,29347,43102,32874,36273,28374
2021,36_CA,3652,1298,2935,2487,2906,4753,6457,11788,11425,19591,49308
2021,36_TX,5976,4691,8253,7778,9749,18131,24671,35593,25641,34079,31581
2021,37_CA,8863,5801,9478,7322,9449,16436,24273,32968,26897,33769,45565
2021,37_TX,13306,8709,10252,10799,11262,28032,44356,75351,60580,94315,131397
2021,38_CA,9227,4983,9399,9493,9948,21363,33580,55410,49688,73216,83549
2021,38_TX,64,431,273,293,227,895,997,1733,1775,1816,1984
2021,39_CA,7868,4945,8532,8876,9452,23622,34601,57413,47966,68034,68441
2021,4_AL,9700,9396,17831,17207,16270,31200,41420,50559,33797,33753,21098
2021,4_AR,12437,11648,19163,19576,19902,36903,46656,59497,38427,36907,20951
2021,4_AZ,13899,8892,12495,14569,15481,35349,54396,80983,60029,73685,63694
2021,4_CA,7162,4758,8406,6418,7297,15845,23547,39017,34158,49304,61543
2021,4_CO,2658,1902,3149,3016,3085,8189,11479,19366,18452,29903,44972
2021,4_CT,6761,6291,9327,8491,8579,16894,24602,39235,29127,46646,104880
2021,4_FL,10816,7576,11307,9881,11747,26075,33278,48952,36220,38171,27570
2021,4_GA,2748,1631,2851,3477,3376,8451,12733,19236,13055,14156,12245
2021,4_IA,9428,7154,13006,15275,13587,28845,40008,61626,45769,53220,32417
2021,4_IL,11104,8476,10876,11885,14591,26861,30476,43149,32244,34462,29844
2021,4_IN,9740,7656,12096,13686,14593,32742,45150,68853,53787,62980,45859
2021,4_KS,8236,6779,11802,11219,14329,27074,39180,55220,38276,43102,29871
2021,4_KY,10640,8948,13782,15368,14430,32181,44671,66712,52441,68275,60037
2021,4_LA,13590,14065,22450,20960,19920,33247,37419,45944,30274,35970,23837
2021,4_MA,8923,5070,11379,10103,10111,18731,25315,42062,38723,60650,105161
2021,4_MD,9017,5291,7143,6740,7191,16990,27365,53100,44159,67812,74543
2021,4_MI,4491,4101,6406,6925,7096,15153,19373,25327,19813,22226,17421
2021,4_MN,6271,4981,8244,7874,8105,18516,27121,41640,31992,43870,47416
2021,4_MO,5732,6025,11447,10805,12021,24995,34996,50407,36444,45310,29891
2021,4_MS,8514,7126,11348,11555,11104,22654,29873,38704,28403,28909,18533
2021,4_NC,8032,5932,8698,8567,9323,22153,30364,42710,34342,46306,50483
2021,4_NJ,4041,2643,4755,5768,6336,13494,19968,27852,23285,33657,43910
2021,4_NV,2715,2036,3295,2880,4937,10090,14398,22854,19334,24552,16304
2021,4_NY,4168,3060,5352,5559,6347,11485,19111,32662,31374,58319,116211
2021,4_OH,5204,5115,7378,8044,8816,17518,26542,37973,29022,31477,21248
2021,4_OK,6756,5562,9082,8471,9989,20509,28811,42212,30465,35582,24095
2021,4_OR,9298,8131,13396,13066,13339,25550,37116,50422,35952,39143,27712
2021,4_PA,3710,1889,3778,4251,5330,9847,14434,26580,24301,35420,50705
2021,4_SC,11251,8730,12955,13613,13068,32722,43648,61305,46232,49772,43130
2021,4_TN,7064,6456,10976,10595,10898,22569,34478,47118,31991,34583,21145
2021,4_TX,3676,3912,5953,5506,5830,10588,14271,21436,15057,17218,13659
2021,4_UT,5203,3471,4996,6054,6529,15647,29252,52514,46799,67511,65274
2021,4_VA,7234,5837,9620,9344,8870,19291,27198,38212,26509,31894,20616
2021,4_WA,6066,6162,9623,10637,10241,24013,35632,52459,37258,43778,33807
2021,4_WI,13042,9314,18610,13307,15850,28477,36664,46466,31036,30745,20454
2021,40_CA,1580,633,1259,1277,1296,3531,4392,9802,8146,14095,26858
2021,41_CA,1456,807,1494,1645,1338,2830,4646,6396,5608,10114,11770
2021,42_CA,4155,2190,5400,4436,4693,10666,14267,22914,19014,20172,20847
2021,43_CA,11270,7183,14314,10585,11851,25605,32563,48953,39578,50545,56775
2021,44_CA,12042,8013,17269,14768,15608,32622,45651,69016,53147,66856,65963
2021,45_CA,1472,1186,1584,1606,1718,3934,5908,10169,9318,15690,25850
2021,46_CA,7792,5195,9724,7935,8331,18921,27649,45039,36988,50860,52567
2021,47_CA,14266,6011,11105,9234,10352,22401,31771,52616,51645,82897,139715
2021,48_CA,14345,8234,16390,17417,17127,35692,53835,88145,75595,115133,142436
2021,49_CA,9160,4480,6695,6938,9083,18149,24978,45099,40915,70061,132420
2021,5_AL,6662,4804,10534,10644,9922,20699,28924,36864,30337,37929,38171
2021,5_AZ,5549,2426,4038,4878,6077,13697,22397,39872,35352,52546,59160
2021,5_CA,11313,7835,16482,16066,16215,34827,51155,73564,57829,73073,73303
2021,5_CO,7261,4449,7938,8276,9239,19406,31943,50988,39683,51744,50510
2021,5_CT,7673,6061,9787,10527,11497,20204,31533,47125,36611,54553,70224
2021,5_FL,9343,4988,7659,8745,10568,23461,37870,54446,41783,52643,58680
2021,5_GA,15804,10756,15538,14667,13546,28358,37815,56875,42206,54304,88891
2021,5_IL,3830,2272,2661,1922,1971,3972,7238,13048,14225,18343,40638
2021,5_IN,9034,6742,9580,10459,12286,25780,36151,57509,41206,53090,59503
2021,5_KY,18380,20111,26255,21762,21179,36880,43239,54125,33821,32306,14301
2021,5_LA,14604,14863,20062,19078,17185,31892,37394,48534,30786,35704,26140
2021,5_MA,9511,6449,11154,9511,9032,17288,25830,41629,40319,65999,133293
2021,5_MD,3143,1696,2458,2947,3141,6095,11938,21677,21643,41234,57674
2021,5_MI,9086,9599,15001,15165,17230,36267,47412,71505,50088,54858,37181
2021,5_MN,10826,7905,14114,11855,12009,26785,41806,63458,50623,64141,69645
2021,5_MO,8607,7436,11300,11420,11587,23561,31274,39525,27457,29759,22314
2021,5_NC,7203,7806,10285,11595,10974,24216,29732,38342,28374,29526,21965
2021,5_NJ,4971,3286,5631,5887,6394,13091,18861,31565,30517,53403,105262
2021,5_NY,8038,6608,9644,8003,8416,18392,26031,42361,34097,50020,56952
2021,5_OH,9990,7970,13433,13510,14628,31291,46896,63760,49397,55773,38100
2021,5_OK,13575,10022,16753,15470,18951,37733,54276,75709,54724,62173,54249
2021,5_OR,8251,5793,9498,8561,10132,22141,33265,52527,43423,54995,56455
2021,5_PA,7065,4950,8020,8078,8507,19793,26285,38951,33248,44184,59743
2021,5_SC,7851,5488,10766,11108,10844,21924,26975,41704,28369,36281,29582
2021,5_TN,9264,7076,10238,11047,12247,27539,46218,67627,53990,68252,72283
2021,5_TX,7933,7929,11308,11839,13612,27755,37643,60012,41158,50635,35167
2021,5_VA,9769,7352,13047,11772,12240,24707,33407,47555,36782,45465,51034
2021,5_WA,8664,8283,11642,10291,12016,25404,36269,49735,37223,43033,34627
2021,5_WI,3078,1602,3622,4142,5590,12238,18308,29973,26349,40654,44890
2021,50_CA,7249,4448,9082,7214,8175,17180,24075,41080,32346,48940,71499
2021,51_CA,2468,1150,2246,2175,2228,5443,8177,16074,14422,22913,29162
2021,52_CA,3829,2466,6141,5107,5346,11332,14960,23911,19475,26459,22547
2021,6_AL,13603,12122,16302,16179,17213,36526,46943,71869,51105,64075,59200
2021,6_AZ,13927,12751,19271,18983,19924,41718,57300,74022,55328,61425,49149
2021,6_CA,6353,4584,9775,8206,7900,18413,26033,38739,31266,38497,33801
2021,6_CO,9408,6738,9978,9658,10878,24690,44457,72857,57643,85848,97668
2021,6_FL,9994,7325,13865,13679,13553,30414,39311,55702,37046,39315,27209
2021,6_GA,5308,3288,5181,5341,6915,14379,23404,36890,34105,54060,78950
2021,6_IL,11662,6693,10022,11907,14433,27341,37634,52630,43436,59162,59673
2021,6_IN,6922,5507,10319,11208,12837,26093,36612,55343,40186,44801,28869
2021,6_KY,7774,9226,9665,9884,10981,23292,30329,43717,31064,38409,30951
2021,6_LA,3896,2104,2847,4392,5651,10352,15304,22902,17881,26312,26704
2021,6_MA,6407,4563,9291,8372,7447,15013,21183,33815,32129,49661,88775
2021,6_MD,6308,5530,7864,7665,8005,18115,26499,42883,36935,55528,72705
2021,6_MI,9838,7776,9858,10336,11289,25530,37768,61102,47833,69016,86530
2021,6_MN,3305,2733,4498,5186,5328,12833,19618,32854,29815,42957,37316
2021,6_MO,9661,7405,12791,13970,14454,31552,41952,61103,49342,54276,37663
2021,6_NC,14580,11941,20217,20805,19145,42607,56955,71410,49274,57628,41654
2021,6_NJ,8221,5778,10185,9569,9827,19632,28485,48037,42721,63062,87210
2021,6_NY,7845,5836,9495,8948,11770,21549,27972,41919,32874,38216,38018
2021,6_OH,9452,8966,13480,12994,13902,28091,36156,47133,31651,32604,18192
2021,6_OR,9375,7602,11974,12350,13202,28310,42699,68391,55568,78149,78075
2021,6_PA,6866,5247,8213,8150,9966,21165,27683,48547,40548,61993,96824
2021,6_SC,27166,19934,25678,25179,27063,53925,73331,94383,66224,70620,57749
2021,6_TN,5901,4924,9065,8625,8000,17065,24108,31934,22717,24272,17766
2021,6_TX,3307,2666,4606,4838,5967,11507,15749,19827,14959,19639,12076
2021,6_VA,9667,7511,12964,14244,14594,29022,42152,62006,46061,52493,40260
2021,6_WA,9475,8060,12914,12066,14055,27029,44838,69482,54672,70184,65586
2021,6_WI,9086,5322,13696,13794,17764,38076,56836,85505,66982,81104,55639
2021,7_AL,8340,9571,12090,11117,10277,18948,21658,28605,18285,20305,12796
2021,7_AZ,2635,1783,2911,2504,3564,6990,9570,12053,8474,8793,4228
2021,7_CA,5654,4401,9278,5968,7127,13966,19860,33165,27020,35379,34817
2021,7_CO,4586,3483,6184,6214,6607,12557,20559,34992,28887,41244,46100
2021,7_FL,6555,3102,5966,6510,8605,18146,24980,37825,28399,35976,32545
2021,7_GA,9843,5532,9174,9961,12726,31859,45454,73511,55748,78861,90701
2021,7_IL,5193,3605,4159,3627,3267,6089,7112,12750,10071,14213,25160
2021,7_IN,12336,7583,9591,10366,10333,19788,28431,34527,19594,18857,16261
2021,7_MA,4294,4521,6464,3656,3470,6933,8047,12126,11447,15483,23762
2021,7_MD,15200,13093,16452,13862,12910,25341,36739,50998,33341,40477,34419
2021,7_MI,7112,6136,8615,8561,10343,21727,31014,43629,35832,42069,36105
2021,7_MN,5224,5748,10366,9422,10405,19346,29929,43247,34705,39366,23768
2021,7_MO,8820,10070,16130,15494,16321,35112,46179,61206,41116,38068,24492
2021,7_NC,18313,13739,22004,18802,21402,40152,52862,72758,49389,53854,38765
2021,7_NJ,4352,2573,5206,5254,6637,10447,17747,32828,32197,52954,107102
2021,7_NY,27260,17017,26090,22437,21770,41906,54443,82536,68572,94254,136913
2021,7_OH,2589,1832,3332,4245,4763,10554,16474,27673,22539,31630,31824
2021,7_PA,5200,5156,8603,10725,9818,20674,32403,44943,35322,46271,44214
2021,7_SC,11729,8367,13349,14208,15431,28141,38588,49985,30369,31502,21366
2021,7_TN,11212,8785,13148,13985,14063,29777,45888,66124,47396,53520,44110
2021,7_TX,12840,8392,10155,12603,11498,27735,42509,63974,47794,70049,117166
2021,7_VA,4868,4053,6211,6105,7237,16225,26963,48400,44761,69838,93140
2021,7_WA,6531,5022,7610,6075,6364,13036,19971,36686,30705,51091,97749
2021,7_WI,5422,4311,10355,9733,11496,23342,31972,47101,37324,38827,25435
2021,8_AZ,4738,3521,4411,4800,5714,12199,18502,25400,19981,26413,19767
2021,8_CA,3236,1775,3817,3452,3183,7743,11686,17428,15767,21501,23821
2021,8_CO,4490,3398,4587,5080,5862,14084,22902,38392,31858,45775,37584
2021,8_FL,8194,5260,10525,13733,13700,27189,41168,56090,38522,46537,40671
2021,8_GA,24355,14956,24264,20922,22258,42708,48379,64093,46592,51504,31524
2021,8_IL,9074,5542,8289,9773,11056,24245,38233,65998,58219,85900,107416
2021,8_IN,8667,7437,13125,13103,14858,28738,39877,52739,39446,40795,25910
2021,8_MA,14205,10064,19712,13626,14462,21540,33202,54906,49219,79299,123979
2021,8_MD,4870,3934,4989,5251,5326,13220,18763,33065,30715,50773,113322
2021,8_MI,13242,12133,17926,16075,18550,37333,52016,69495,44695,48495,36224
2021,8_MN,8342,7886,14072,13229,13954,29624,44061,66250,51367,65751,47043
2021,8_MO,11004,11749,18049,17849,18290,35084,47573,63470,42875,45894,26403
2021,8_NC,6442,4181,8243,9146,10078,19732,28983,40314,32415,37407,34526
2021,8_NJ,4542,3936,6960,6151,6603,11727,17141,22192,18593,22606,37096
2021,8_NY,12875,10963,21583,14883,12605,22900,29887,39073,29439,39946,41943
2021,8_OH,5377,4439,6429,7293,8700,16592,26682,39679,29527,37315,25689
2021,8_PA,7872,6184,12633,12116,12826,25616,33785,48401,36103,40110,27123
2021,8_TN,7901,7249,13521,12661,11353,22737,28946,37191,23554,22700,12233
2021,8_TX,7206,4995,6292,7077,8659,20240,31077,50860,41356,60914,62311
2021,8_VA,6855,5383,5941,6031,6872,14912,23090,44440,43978,70322,145140
2021,8_WA,1785,1473,2843,2868,3438,6527,9164,15178,12013,22251,41536
2021,8_WI,5819,3460,8782,8836,9912,22677,31394,49854,37575,44397,29873
2021,9_AZ,14940,10008,15790,17839,20555,42636,62421,95659,68839,77633,54162
2021,9_CA,8464,5256,9268,9244,10588,21564,27624,47836,39654,55714,62694
2021,9_FL,3730,2447,4789,6254,6799,12890,20992,30512,21243,23563,17689
2021,9_GA,7199,5725,10828,11888,12222,21540,33327,47209,35957,39390,36049
2021,9_IL,8089,6840,9439,6956,8478,17513,24777,36453,29112,37134,55049
2021,9_IN,11624,8308,14568,14890,16439,31561,44916,64838,48976,54387,35621
2021,9_MA,7402,5021,9566,9746,9816,20609,28271,45538,38270,56477,76569
2021,9_MI,6970,6096,9391,9962,10957,24373,38353,55081,46297,63000,62811
2021,9_NC,10276,8917,15633,13901,14904,29728,40164,61549,43687,51155,59522
2021,9_NJ,8278,5752,11292,9716,10416,20778,27744,42659,33947,47090,60323
2021,9_NY,4530,3484,6855,4386,4363,9632,13417,19622,15109,19221,18901
2021,9_OH,13195,12204,16588,15235,18316,36850,49992,70805,49272,54735,37876
2021,9_PA,10120,8261,16022,17464,17435,36097,49483,69545,52802,59805,39540
2021,9_TN,18967,12686,20138,16227,18003,37258,48747,65098,42348,50369,49494
2021,9_TX,19908,13801,19729,20831,22050,50450,61664,89831,61897,70685,75496
2021,9_VA,13909,11305,19832,17559,17888,35153,45945,60668,39686,40970,25324
2021,9_WA,10020,8173,10933,10862,11156,23464,39578,66511,55085,86201,126586